type,amount,oldbalanceOrg,newbalanceOrig,oldbalanceDest,newbalanceDest,isFraud
PAYMENT,998.8304703442026,15814.129005182616,0,637.1651421518383,0,0
PAYMENT,384.6096996241774,17457.34676972377,0,641.0035105688879,0,0
TRANSFER,376.41673723279126,14717.97667306967,0,944.6974381141752,0,0
CASH_OUT,16834.045098534338,3738.1801866358396,0,572.280788469014,0,1
PAYMENT,2671.395835266107,8597.358462589855,0,141.99909689225387,0,0
PAYMENT,2334.742922663476,15918.343266467258,0,279.70640394252376,0,0
TRANSFER,2387.1381769151017,17338.86772799009,0,712.2767847290017,0,0
TRANSFER,4749.539132541333,19347.00862841663,0,827.557613304815,0,0
PAYMENT,1231.37974554853,5579.483854494222,0,714.9371669429124,0,0
TRANSFER,268.50375346457014,18277.087639496858,0,332.9019834400152,0,0
TRANSFER,2183.263785007099,4950.891594495588,0,610.9302950379923,0,0
CASH_OUT,22751.328233611144,9455.490474077702,0,905.3446153848839,0,1
TRANSFER,1700.0497671485934,11838.435513702589,0,568.7508340232413,0,0
PAYMENT,2004.518719478462,6155.631603704022,0,845.8637582367364,0,0
TRANSFER,3074.467813664755,6243.984458428324,0,366.64615513367414,0,0
TRANSFER,24868.869366005172,7950.202923669916,0,278.8441133807552,0,1
TRANSFER,16988.42404088805,7402.07757473785,0,811.157986478085,0,1
TRANSFER,1856.4820698669357,3201.5121309774645,0,876.7930832880342,0,0
TRANSFER,567.5095708030154,8045.546791767061,0,701.9571273972465,0,0
TRANSFER,3224.0316096405445,17857.042108950205,0,524.9934326457544,0,0
CASH_OUT,23489.13824266084,7495.565690483859,0,312.38642777406017,0,1
TRANSFER,20227.32829381994,4847.869165226946,0,122.87721406968566,0,1
TRANSFER,23957.635956735194,5278.332008639006,0,606.9480147787453,0,1
PAYMENT,1321.5319228294873,8797.275537676964,0,779.9960246887438,0,0
CASH_OUT,20988.654664885362,7253.0643973573415,0,892.421055113732,0,1
TRANSFER,3203.678406901075,17557.751213566637,0,823.304869209203,0,0
CASH_OUT,23832.802589188683,3919.1051890474655,0,209.87915923060604,0,1
TRANSFER,639.2544301856161,5330.768088296892,0,484.3970097636307,0,0
PAYMENT,1593.4281649743423,4128.461209715893,0,580.6804774378977,0,0
PAYMENT,687.3402999350458,7414.688256668931,0,948.6187335212672,0,0
TRANSFER,2834.6998098849717,8672.887250102776,0,158.4030223980834,0,0
CASH_OUT,17517.82295825364,5475.236553031469,0,370.7904788350927,0,1
TRANSFER,17667.81014275285,9789.534602493875,0,469.93331198640817,0,1
CASH_OUT,24082.65885966654,3156.057016002752,0,230.40538488210078,0,1
TRANSFER,2809.176136449507,12261.237753708478,0,172.7679936994437,0,0
PAYMENT,3668.260108198112,7987.879521665811,0,669.0752475342215,0,0
PAYMENT,4100.516178774981,16168.557374706472,0,235.64578956888653,0,0
TRANSFER,299.7981936183432,12226.965920576595,0,709.8079256580542,0,0
TRANSFER,23095.010461397156,4137.993885625565,0,186.55889598227867,0,1
TRANSFER,1995.0031968726332,18797.869785997955,0,223.7688497313939,0,0
PAYMENT,1124.450941614797,11287.51150272375,0,726.205959410574,0,0
CASH_OUT,23172.22200201216,5996.807304395161,0,576.6855205204058,0,1
CASH_OUT,24654.193512887934,6024.641082463878,0,894.3727088704057,0,1
TRANSFER,18492.095746126608,7533.601109832154,0,907.3992339573194,0,1
TRANSFER,4450.073483928703,17167.64052658274,0,942.0714947988528,0,0
TRANSFER,3071.5023923319904,1174.7439807159633,0,191.3243885794289,0,0
PAYMENT,1491.212776213582,6801.913346543475,0,537.0523782276039,0,0
PAYMENT,1198.9196163567428,14531.405205603181,0,313.52417874712006,0,0
TRANSFER,1895.6970444560136,15139.239938074683,0,748.8459318269164,0,0
TRANSFER,559.0063623576532,7986.600258129237,0,338.6821309135529,0,0
CASH_OUT,24788.92858275009,5380.679376635096,0,915.4889089466986,0,1
PAYMENT,2562.9217562154413,11961.173807900823,0,543.2659244369775,0,0
TRANSFER,19991.933798847524,6148.037792882648,0,791.6986128756781,0,1
CASH_OUT,24404.585843529145,9585.357193023287,0,923.3779511984037,0,1
PAYMENT,4770.052050417371,7284.255788739761,0,597.4884701519409,0,0
TRANSFER,4279.746331790065,6594.528949322128,0,446.58795574173274,0,0
TRANSFER,2477.871383953947,8081.050474786936,0,455.222320128525,0,0
PAYMENT,2893.2997334378883,2846.3533816446025,0,653.5065040292527,0,0
TRANSFER,1345.4018804417199,6610.521179959836,0,390.29568781474046,0,0
PAYMENT,3542.1720115368353,7830.331873175348,0,364.232659838044,0,0
PAYMENT,1355.4140236128444,12618.76050644793,0,173.43476236021633,0,0
CASH_OUT,22982.95178966775,6849.675376999887,0,731.770189531933,0,1
TRANSFER,4444.424029858234,1524.7186656003894,0,620.9784059568028,0,0
PAYMENT,276.1171416040362,9846.362344516743,0,588.380171236819,0,0
CASH_OUT,23604.046183116752,3252.2622446427763,0,134.9512609864809,0,1
PAYMENT,722.5965119942355,10922.621941041283,0,792.9941977887497,0,0
TRANSFER,19572.651616137286,8578.207675107831,0,274.94203059538575,0,1
PAYMENT,3223.4065173412123,14795.735340730569,0,978.2668715162812,0,0
TRANSFER,301.23083216259135,8577.597127451096,0,490.16866382266784,0,0
TRANSFER,224.2186427357418,19290.319878880575,0,852.3821084609853,0,0
PAYMENT,385.14861799137367,18389.06082490313,0,498.117006757994,0,0
CASH_OUT,22145.959227000625,6941.776390459581,0,351.94050725134855,0,1
PAYMENT,3319.8455096508173,9277.78507487993,0,757.0353849056366,0,0
CASH_OUT,18559.726786512616,7820.614994179322,0,112.95413976678029,0,1
TRANSFER,15941.5698826856,3802.719784521648,0,981.5594757593577,0,1
CASH_OUT,15978.341606510015,5424.5428760514915,0,526.1245937025092,0,1
CASH_OUT,21497.736826427634,1432.5303177733035,0,954.2311584322473,0,1
TRANSFER,1935.601811669709,12891.338398570491,0,552.8226327220789,0,0
PAYMENT,3451.422470050891,12701.172123408363,0,949.5024441046814,0,0
TRANSFER,2970.30034823997,18864.374587074195,0,617.9267600882911,0,0
TRANSFER,729.6517308461599,16412.879357984057,0,838.5755281695598,0,0
PAYMENT,4809.833762737179,18201.66219716521,0,276.2120213103668,0,0
TRANSFER,18772.59083227976,1350.6681907921027,0,656.4284959041036,0,1
TRANSFER,1662.9805884394304,17052.630908419636,0,120.94474216224327,0,0
PAYMENT,2530.5835260376903,14164.916815146848,0,413.5029440078776,0,0
TRANSFER,3701.8481146390404,16266.137677312123,0,353.8311153141758,0,0
TRANSFER,20685.202837499583,6183.321177322761,0,758.4829797696761,0,1
TRANSFER,22764.129607419967,4067.2318622771604,0,937.6815930432083,0,1
PAYMENT,3431.2394215112045,15058.266448500115,0,314.41253716358153,0,0
PAYMENT,2575.7366249945,16702.69185604709,0,388.0446409275506,0,0
PAYMENT,362.0779540621076,19212.28844078077,0,862.4288296860308,0,0
TRANSFER,4755.303638548944,19061.535791813567,0,616.0940993109575,0,0
PAYMENT,549.3503215665573,12446.37759212126,0,598.3327471112207,0,0
TRANSFER,22915.790437258485,8106.563285150985,0,182.08549274382133,0,1
PAYMENT,4980.063085948613,2061.5519388696507,0,763.332001111908,0,0
PAYMENT,673.6283804952687,3716.841959003881,0,785.359568545725,0,0
PAYMENT,4208.5557424435265,9095.738025891882,0,300.31877581392746,0,0
PAYMENT,3560.5869130668316,2545.6268321960956,0,176.35394267667272,0,0
TRANSFER,4329.378757746119,17726.839404129918,0,313.0166743138709,0,0
PAYMENT,3791.553107768814,8148.932125087399,0,175.15064502880188,0,0
TRANSFER,3554.9133850536336,5725.758934175471,0,397.2272761171887,0,0
PAYMENT,155.63285936035345,9904.552197888399,0,150.6729481136536,0,0
TRANSFER,23227.90351876693,7697.904912489681,0,712.9354843872181,0,1
TRANSFER,18748.70579523704,3571.4087765367467,0,881.7392153705142,0,1
CASH_OUT,23021.09249026734,9801.106018788438,0,600.404534778326,0,1
TRANSFER,2685.735434522869,19866.331126266705,0,166.41690826185896,0,0
TRANSFER,469.6292807398694,4158.093206275806,0,295.12819592784206,0,0
TRANSFER,21275.580800840635,6258.828807307902,0,911.0422094418901,0,1
CASH_OUT,24587.02407407846,1520.7750798193665,0,455.0696187473169,0,1
TRANSFER,17773.811829811326,2693.0904375138516,0,517.328564445984,0,1
TRANSFER,1403.095832324771,7846.556808900097,0,333.9548765688364,0,0
PAYMENT,2726.87219508619,6881.0247094402275,0,832.4155177362538,0,0
PAYMENT,752.6071135963736,2447.8072123841,0,946.478644421845,0,0
PAYMENT,3105.7344600853703,8946.617689521758,0,939.4556350186119,0,0
PAYMENT,907.6878795713046,8813.847215122012,0,799.842055361703,0,0
PAYMENT,837.0427664072881,12288.483591690567,0,442.80177096791937,0,0
PAYMENT,2888.4991989121636,2206.724762210026,0,133.13968087239223,0,0
TRANSFER,15563.754966509272,8782.50138629548,0,831.6109082170698,0,1
TRANSFER,4574.51218606245,12117.841114183968,0,753.5087596646632,0,0
PAYMENT,1312.0056985416686,9560.338570891778,0,216.24347363634547,0,0
PAYMENT,1115.4154801394766,17686.192682104655,0,781.2992189550058,0,0
TRANSFER,16135.57592199629,7044.158760335196,0,568.276930813414,0,1
PAYMENT,1608.1084748781423,16511.328969048183,0,971.1763888958408,0,0
TRANSFER,19034.82866212397,2206.1370560557666,0,125.90440868200508,0,1
PAYMENT,3232.8706491737876,16295.848682867876,0,912.8359528089636,0,0
TRANSFER,1817.8790381523252,12208.436050238028,0,453.0196405897591,0,0
PAYMENT,3659.3454599861184,11401.47983108312,0,505.819402674494,0,0
TRANSFER,3148.22483111658,17384.910466188157,0,954.5685612918779,0,0
CASH_OUT,23420.914150187098,7920.259671838578,0,159.61238006667926,0,1
CASH_OUT,19926.180939928694,3958.764492587574,0,670.0607688850532,0,1
TRANSFER,20372.6341671407,5141.0724308521485,0,626.2894953542383,0,1
TRANSFER,3240.2862495357517,4455.721603583752,0,411.1005549914769,0,0
PAYMENT,2624.6566688346334,19489.09663613198,0,641.7418559868642,0,0
TRANSFER,16689.350630721645,3507.313051287628,0,259.30943584907214,0,1
TRANSFER,20344.23503732523,4203.923358447875,0,904.7955366063331,0,1
CASH_OUT,21903.948286293653,1353.8092585698905,0,819.4693590181383,0,1
PAYMENT,2607.11936638158,3982.575971607681,0,439.5573687178653,0,0
CASH_OUT,23062.012797930613,7734.337213452925,0,266.0689174207396,0,1
TRANSFER,24240.41759107433,3125.048798056639,0,783.9598680438271,0,1
TRANSFER,3762.607596855407,1696.98085492136,0,327.19324990961866,0,0
PAYMENT,4237.759295904781,15242.70840816316,0,127.42493746023474,0,0
TRANSFER,2709.8246056296134,5606.939569059864,0,342.31890785444284,0,0
TRANSFER,2863.4289508922984,16973.48973168069,0,180.28389584085056,0,0
PAYMENT,4463.583675625485,12278.256617526924,0,711.1920872300407,0,0
PAYMENT,2449.952298595826,12099.790209569217,0,763.1402278554216,0,0
TRANSFER,2215.131776525429,3424.0257531157113,0,355.398315218852,0,0
TRANSFER,3077.020589238507,5642.709953828436,0,548.4229280640461,0,0
PAYMENT,1262.411279506373,2933.866979787671,0,237.57322526589883,0,0
CASH_OUT,23508.17517836146,1790.9886208612947,0,825.2783980670291,0,1
TRANSFER,15802.337456616422,5720.602506132292,0,469.3571442906954,0,1
PAYMENT,4493.390288572702,11943.969938307539,0,925.6560517769785,0,0
CASH_OUT,17579.0282704494,2537.9882865105924,0,701.7788979319879,0,1
PAYMENT,2721.6799870200616,10055.770198401828,0,854.7243028323622,0,0
CASH_OUT,18236.792364042438,4828.927947547751,0,556.8493408160095,0,1
TRANSFER,22072.300956444444,7910.015512985549,0,178.5611616307079,0,1
PAYMENT,2457.5864990886057,11119.199218480131,0,146.6411831401842,0,0
TRANSFER,2788.155277896951,11429.517617890568,0,281.55741609721224,0,0
TRANSFER,1347.739208342443,13948.551722254657,0,784.2050739007179,0,0
TRANSFER,3069.899217173609,16091.499549362787,0,196.02932510209246,0,0
TRANSFER,4828.631862265912,3361.64724622535,0,757.7807276832798,0,0
TRANSFER,1958.220066322622,18602.53904820451,0,749.4368956761494,0,0
TRANSFER,16397.723766262894,8157.4058067390115,0,281.46458804297004,0,1
TRANSFER,16864.04986788144,3121.225714584998,0,670.3827073481596,0,1
PAYMENT,4398.28264998423,8456.457041030073,0,834.9394955244194,0,0
TRANSFER,4508.370481931648,12857.929339454915,0,585.8029557231698,0,0
PAYMENT,1237.8422062194047,18091.9168922168,0,445.5020992358903,0,0
TRANSFER,1222.224415531502,11314.136901654769,0,488.37532882279834,0,0
PAYMENT,1741.037511819722,3646.169380604358,0,814.6226703432663,0,0
TRANSFER,3733.1584645813227,11889.866135890385,0,997.923354331459,0,0
PAYMENT,1317.5967850908821,15134.979558880863,0,130.17919126220144,0,0
TRANSFER,2520.509286941227,15338.070545342214,0,192.6244276697305,0,0
PAYMENT,4247.616229499139,3422.284584307666,0,457.55856150433056,0,0
PAYMENT,2483.1516617784782,8770.148364624372,0,794.6937825384206,0,0
TRANSFER,21939.484444671,5884.519990128366,0,326.6191530162575,0,1
PAYMENT,4799.466493363736,7507.960886392325,0,304.6158847269883,0,0
TRANSFER,4741.688364097895,3913.6766592055237,0,627.6068488151175,0,0
PAYMENT,1354.4761060829449,14795.816135185614,0,633.6666147329394,0,0
CASH_OUT,21966.50823876892,9302.494430595661,0,736.5147708820588,0,1
CASH_OUT,18744.35369720422,1620.293854304969,0,169.58895893990854,0,1
TRANSFER,24255.685129067766,5057.55434263719,0,201.91424125667973,0,1
TRANSFER,1012.9723095211914,16912.32499104735,0,398.93177138944503,0,0
PAYMENT,2997.249635150153,8581.051373532475,0,149.2854749398282,0,0
TRANSFER,3960.1704547010127,12470.70910287264,0,202.84057005011897,0,0
TRANSFER,4607.292520422527,7580.573892953264,0,412.2578817066049,0,0
PAYMENT,2976.6342982691795,1624.0867346253285,0,921.474516591216,0,0
TRANSFER,19983.677727394796,4770.3290455409315,0,923.3613109612901,0,1
PAYMENT,1460.1771458841488,5181.847067540844,0,291.41270590710366,0,0
PAYMENT,4809.24455560033,3824.591827309146,0,473.16171135432137,0,0
TRANSFER,16844.628714188562,3696.3632058982935,0,378.9432336417498,0,1
PAYMENT,1128.5374061683701,18063.031499373563,0,284.62567643380646,0,0
TRANSFER,18777.259474401693,8529.083319630996,0,628.7082438106669,0,1
TRANSFER,19532.888347480275,5719.51242394822,0,496.6864722444053,0,1
TRANSFER,3850.2457772245793,2956.6481072949946,0,400.92653017943394,0,0
TRANSFER,18733.09316279753,3436.702058291984,0,679.5995889151142,0,1
PAYMENT,4896.76403451821,16955.98832967484,0,880.2943840103711,0,0
PAYMENT,1187.6635934714523,5390.421135173357,0,704.7034692388555,0,0
CASH_OUT,18392.71245896191,6124.991659871503,0,898.7144342621526,0,1
TRANSFER,587.2628245207914,5620.271628989628,0,750.0402386700932,0,0
PAYMENT,4816.981660918886,18943.784785968197,0,226.9736638999422,0,0
PAYMENT,4492.045510753487,1247.0365467039846,0,176.95767776902127,0,0
TRANSFER,16227.768896627085,8887.996682877645,0,678.633007252828,0,1
PAYMENT,4105.47345251836,7494.529682259644,0,333.4810900881632,0,0
PAYMENT,267.7177430205927,16782.435624739745,0,410.672930393148,0,0
PAYMENT,2237.019992763052,6594.849431296436,0,953.607976265941,0,0
TRANSFER,659.7658370099444,11749.755779364648,0,986.8305810175613,0,0
TRANSFER,2183.5461718992437,1426.9168580822306,0,341.8096234464515,0,0
PAYMENT,2072.495213625205,5142.439042387643,0,680.5487509923965,0,0
TRANSFER,2675.8818932831605,4261.906431117766,0,345.07659386743205,0,0
CASH_OUT,20296.61678655081,8335.489855622114,0,548.2816781599051,0,1
TRANSFER,21514.203883518643,8467.676233364815,0,285.7791445845429,0,1
TRANSFER,17636.838026346166,3398.4855403379397,0,758.9661206131561,0,1
TRANSFER,21650.366745462554,2578.3415076110464,0,922.9707513324638,0,1
TRANSFER,3877.4657476149255,9018.685131463058,0,418.4842389051245,0,0
PAYMENT,505.7134728331197,12459.890079861376,0,320.81419871318883,0,0
TRANSFER,2242.2476421504934,18394.759868546367,0,749.379575009715,0,0
TRANSFER,2432.646970775588,13609.752141890314,0,943.1467653922822,0,0
PAYMENT,1422.564989721755,11257.012799255675,0,245.81249010242615,0,0
PAYMENT,2532.1946112860583,12340.014129420895,0,400.81950173526474,0,0
PAYMENT,1787.4802870167427,7679.2630615501575,0,471.514195546077,0,0
TRANSFER,2230.6539591583564,5681.638631543029,0,837.1920859067798,0,0
TRANSFER,4841.727002214724,1099.8225526093133,0,192.78437141237038,0,0
PAYMENT,4594.83651976499,3599.553987460267,0,955.2136184387222,0,0
PAYMENT,524.8555381246997,19205.245067074677,0,782.5531725511133,0,0
PAYMENT,3328.038496882515,14153.254725839197,0,864.2760864087874,0,0
TRANSFER,21466.649191171633,7238.576903112323,0,146.436225992839,0,1
TRANSFER,3557.3183453268734,18579.71803089765,0,262.5178106146002,0,0
TRANSFER,1632.988796877379,3289.928996942824,0,757.9213043124535,0,0
CASH_OUT,24710.582451653678,9498.398402020905,0,526.7927949917174,0,1
PAYMENT,2330.2040566771648,10926.25694535221,0,680.09198556324,0,0
TRANSFER,1227.043302709745,3290.7708297682975,0,169.25788146628824,0,0
TRANSFER,2261.057592565992,8685.223543955164,0,615.1849834901191,0,0
TRANSFER,3974.5435077109214,7056.297555709329,0,663.3022387933082,0,0
TRANSFER,4395.660351526002,8932.615596529951,0,515.7485655180288,0,0
PAYMENT,4386.038196152577,11049.805546517027,0,945.1609286616066,0,0
PAYMENT,146.47862477964057,2000.9928835673431,0,179.68906955225634,0,0
CASH_OUT,21275.054632183703,8863.094027677049,0,985.6751222793656,0,1
PAYMENT,1748.2152727592681,10927.86464105594,0,759.0446264661806,0,0
TRANSFER,18546.221576407766,3585.1509248867355,0,366.6773084103911,0,1
TRANSFER,17772.656456967736,9193.05191851781,0,140.59060949829086,0,1
TRANSFER,21796.472826930698,2964.2849907855775,0,954.9650655552028,0,1
PAYMENT,2983.9157219689023,19664.27978652155,0,895.7790803183526,0,0
TRANSFER,3105.715807132468,4173.644975749429,0,992.0517635232789,0,0
CASH_OUT,23378.257352832454,3075.122762245171,0,847.5782659755621,0,1
TRANSFER,16765.280320055084,2984.3758816315785,0,267.7944359298291,0,1
TRANSFER,4023.7714669363877,12965.780536926908,0,294.6916207328982,0,0
TRANSFER,4975.048330967533,4304.009735170259,0,456.6178170123929,0,0
TRANSFER,4982.045301452949,18051.286812877872,0,517.0426733940579,0,0
PAYMENT,2731.1746721777263,12265.85876199236,0,622.07758705403,0,0
TRANSFER,18911.6976608038,3456.6343737068346,0,529.0091454973315,0,1
CASH_OUT,23621.276172654507,8285.644672523904,0,689.7177825751196,0,1
PAYMENT,1478.8157068298813,5800.332785256816,0,104.57392583622337,0,0
TRANSFER,2529.791101885977,2539.878102245311,0,298.16488175483016,0,0
PAYMENT,4958.2291422107355,2168.823498545466,0,894.6156422237152,0,0
PAYMENT,4140.936733033232,7608.374950141668,0,710.2145373031572,0,0
PAYMENT,3696.1586028731385,10903.945931427883,0,881.3447236463923,0,0
TRANSFER,23672.942009598024,7375.266790435313,0,853.3119955273048,0,1
TRANSFER,618.5870597600616,14280.824022752166,0,270.2993858065053,0,0
PAYMENT,4372.033285951637,1555.6983776566237,0,843.2350755082864,0,0
TRANSFER,17286.251615249235,9178.311783424311,0,101.00810033209854,0,1
PAYMENT,2586.5918954280974,1121.331562619838,0,358.3343198574215,0,0
PAYMENT,2843.2371303132645,3201.0332788248957,0,439.0258257881189,0,0
TRANSFER,22798.453951511437,1962.8257494426257,0,784.9251122518252,0,1
TRANSFER,4216.595363431972,8450.873017458736,0,261.54759108145004,0,0
TRANSFER,4692.41958745861,14069.828723715455,0,161.0533531946547,0,0
PAYMENT,3877.823033407464,14462.868087449959,0,526.2164995915797,0,0
CASH_OUT,15457.420338125128,8843.831255371388,0,976.1400722596572,0,1
TRANSFER,3273.1108526693474,12293.52132534236,0,445.25103436505964,0,0
TRANSFER,18236.10219149541,5397.788713641991,0,793.3666760270139,0,1
TRANSFER,878.797588056107,9902.248918603103,0,949.8732714620469,0,0
TRANSFER,16636.23821191669,8153.2859387493645,0,724.3140032033398,0,1
CASH_OUT,22728.227800168046,3070.483147282905,0,218.20161376844027,0,1
TRANSFER,840.1836697264112,9214.361219809436,0,949.254328150839,0,0
PAYMENT,4826.150314124022,15441.787490323846,0,498.0688861428192,0,0
TRANSFER,4481.086098027758,5369.137511930638,0,291.794233622575,0,0
TRANSFER,22149.24040202248,6064.752577090444,0,524.3792140922615,0,1
TRANSFER,1009.0750269452936,17503.840191156603,0,798.9371675125676,0,0
TRANSFER,2698.736529268455,1339.3759570880682,0,817.1180450776247,0,0
CASH_OUT,24208.478478156867,6549.852830686642,0,816.8835618785587,0,1
TRANSFER,3031.803599099892,12538.822516990753,0,322.7859600430377,0,0
TRANSFER,2508.8132790330405,2219.9698044275474,0,623.774261722959,0,0
CASH_OUT,19332.467489716557,9859.162666626136,0,234.6225784008092,0,1
TRANSFER,2023.2184263927556,10118.837859625346,0,640.0184933073733,0,0
TRANSFER,22570.592676112232,9573.837742348453,0,917.0367876861761,0,1
PAYMENT,614.1578742490568,5598.855301388022,0,987.9963339404318,0,0
CASH_OUT,19823.563815515918,2893.1462192698173,0,411.4149108803556,0,1
TRANSFER,1699.6604103955603,10836.521224309517,0,179.07984923035002,0,0
PAYMENT,4140.118829794486,7798.225667637156,0,389.88523199740183,0,0
TRANSFER,3478.3783487726023,16211.147283072574,0,280.1352198203291,0,0
TRANSFER,24515.49974355327,2117.9797005525343,0,906.5991724165344,0,1
PAYMENT,354.6592898922148,11284.630370720339,0,738.1544675058248,0,0
TRANSFER,3163.992835048344,15885.031792890679,0,651.0321872930422,0,0
PAYMENT,4484.601614696586,11404.255146920988,0,835.5679929662443,0,0
PAYMENT,299.6951198531166,4115.990138800447,0,494.74649484058455,0,0
TRANSFER,1310.8058466497175,4031.3489221505783,0,884.6052099329816,0,0
TRANSFER,19701.825926966652,7698.5115903546,0,884.6495010758091,0,1
TRANSFER,2541.159010620381,11551.907467814994,0,747.2816004450375,0,0
CASH_OUT,20424.786357193676,5439.491621054196,0,173.37384059718403,0,1
PAYMENT,453.77220399796164,1582.3975419103153,0,331.91459966009234,0,0
TRANSFER,4807.824702286187,8902.239956791875,0,861.6207628171444,0,0
TRANSFER,1918.0899386245533,19765.3417109851,0,136.09827227123424,0,0
TRANSFER,2981.486052641388,1558.4944693736386,0,455.9636528641137,0,0
PAYMENT,4513.439133655167,9012.697610595653,0,349.1450175115464,0,0
TRANSFER,1859.8400453645343,8293.095885488128,0,519.2315263182236,0,0
PAYMENT,744.681657123573,14600.674328959683,0,918.1292685990769,0,0
CASH_OUT,18728.486371889347,5613.5368468522465,0,471.72805718292733,0,1
TRANSFER,17472.31074403177,8836.749111452602,0,500.77472950239894,0,1
PAYMENT,3346.8442671407697,2809.9686511378995,0,686.9109209773941,0,0
TRANSFER,1364.853820235525,13477.996626284552,0,392.6710578022254,0,0
TRANSFER,2043.6329040834537,5503.529285058387,0,311.206634435396,0,0
TRANSFER,931.8137349289497,10875.705022564336,0,403.30285878815766,0,0
PAYMENT,2302.2257925473145,12169.803051097351,0,953.7250193662903,0,0
CASH_OUT,16676.192162883177,1330.0428424018867,0,762.7618135590765,0,1
PAYMENT,3930.772616240644,14402.326288131868,0,501.731781861327,0,0
TRANSFER,1108.6219291801644,3126.4727685568296,0,342.77465036529065,0,0
TRANSFER,17311.309124276468,1465.2715351737427,0,676.0026701532223,0,1
TRANSFER,24338.75017527905,3845.4049447907546,0,556.5113278195531,0,1
CASH_OUT,18973.78988464401,5319.073734328659,0,717.3709623846856,0,1
TRANSFER,21391.199378155005,8811.2646506802,0,509.26587007047317,0,1
TRANSFER,1779.002091792485,11112.654787699683,0,213.16736062598395,0,0
CASH_OUT,22046.807627366466,2816.6810691065352,0,706.0891899924255,0,1
PAYMENT,3681.064426867294,3967.113051051305,0,311.10516400134577,0,0
PAYMENT,3493.867165908206,16924.190503314094,0,950.1527975266209,0,0
TRANSFER,1296.321723069634,16786.666635492402,0,878.1479523595331,0,0
PAYMENT,4661.648607984192,14101.00826959966,0,708.8620471995218,0,0
CASH_OUT,23268.388837118775,7002.743652918166,0,619.4667130405734,0,1
TRANSFER,4997.127256276266,1916.0287383505645,0,979.4567657991855,0,0
TRANSFER,3786.8960368163052,2719.1522104539645,0,359.8170359775743,0,0
CASH_OUT,19041.40321651033,3943.298454069148,0,700.8340470072262,0,1
TRANSFER,4401.666679302505,7026.7186185425735,0,882.010562986514,0,0
TRANSFER,2767.9965800081627,1109.4145494643099,0,392.1272469102433,0,0
PAYMENT,2860.850744007448,8227.974380423157,0,593.649749486329,0,0
TRANSFER,1928.9337789837664,5318.122917999878,0,165.87633139159928,0,0
TRANSFER,3248.622247841229,15427.542230534455,0,550.4007782176673,0,0
TRANSFER,2643.5007471674685,10104.45567496489,0,123.07785922579211,0,0
TRANSFER,830.060094253954,11005.852148110233,0,321.4626929181984,0,0
PAYMENT,3847.9279815564287,16446.72903560578,0,746.310768603845,0,0
PAYMENT,4129.727752203585,9186.379739222633,0,907.0428608561101,0,0
TRANSFER,17434.822965762993,9343.310903166759,0,154.24065126060475,0,1
TRANSFER,1053.335783607975,4160.300547119701,0,655.6165816716768,0,0
TRANSFER,1605.720828138804,16257.492058820606,0,585.245149007729,0,0
TRANSFER,3616.415350952285,8598.198929278968,0,979.052714796321,0,0
TRANSFER,987.6318127199336,13941.239225334673,0,263.2945129260643,0,0
PAYMENT,1546.8636171795195,16074.737904808908,0,266.7056018926687,0,0
TRANSFER,2469.373668927631,16313.858445728005,0,595.2038879406356,0,0
CASH_OUT,16123.043444112192,1023.2561336048415,0,674.1866852139678,0,1
TRANSFER,1217.590882549769,5028.851958256306,0,649.8828899658926,0,0
PAYMENT,4538.866413460026,15628.9493047819,0,600.9733521430455,0,0
CASH_OUT,17748.06035548136,8403.528866623106,0,481.3644282838865,0,1
TRANSFER,3856.6150624819893,3844.375391182197,0,481.5503316219718,0,0
TRANSFER,22368.73744944182,8765.173697889057,0,295.0658200816981,0,1
CASH_OUT,18122.71786048796,3072.2155158508294,0,285.56754806658375,0,1
PAYMENT,2015.4393799370218,12295.050368537288,0,547.0901729732525,0,0
PAYMENT,3025.5298927888894,13840.983656660144,0,498.4452701015744,0,0
PAYMENT,3492.9371414894113,19833.863880341578,0,215.5548605087127,0,0
CASH_OUT,18372.271327554205,9149.723130967064,0,795.3604547044442,0,1
TRANSFER,23941.90874664118,2726.805922468686,0,391.03440590396866,0,1
TRANSFER,21171.557833956467,4981.689428326026,0,848.6768019262798,0,1
TRANSFER,1245.1892013611218,11260.226377485702,0,892.0711788053125,0,0
TRANSFER,1231.0630268546593,9680.314252727005,0,271.292376537161,0,0
CASH_OUT,21618.391898493785,6020.050756330224,0,757.5854592153215,0,1
TRANSFER,2944.3275329117055,2686.5804880476007,0,965.4991623593319,0,0
PAYMENT,1084.5750744293769,11180.726004988544,0,187.00880468204764,0,0
TRANSFER,106.05973082110627,6716.209058711846,0,983.1127369098735,0,0
TRANSFER,1249.7462010917225,8587.002400376856,0,237.1744119973757,0,0
TRANSFER,3866.1390434636915,5629.477605213466,0,704.4025992517336,0,0
CASH_OUT,15891.244321160166,7797.433784471271,0,214.94213527171132,0,1
TRANSFER,880.5897010330035,2199.0716285038534,0,205.88412562620277,0,0
TRANSFER,18601.36407471519,1788.784720874547,0,943.2620407279566,0,1
PAYMENT,4143.901930341195,6314.367230958105,0,948.1483171920098,0,0
TRANSFER,4605.020668750645,10442.306175210775,0,992.9422133409814,0,0
TRANSFER,2555.6496959918477,8546.39677115501,0,585.7593568839486,0,0
TRANSFER,4402.07417018084,17493.077112041556,0,825.332860105859,0,0
TRANSFER,4111.801519963923,7128.031579081889,0,120.60444247850822,0,0
TRANSFER,18460.997265377857,9780.491807739234,0,676.8748696107988,0,1
PAYMENT,2448.8367566754737,6960.826132687825,0,645.733849990038,0,0
CASH_OUT,22648.098009029956,2573.547645343713,0,552.3094688170981,0,1
PAYMENT,3364.9037405916947,3313.476311380221,0,530.4106207432651,0,0
PAYMENT,4819.264046786951,11441.061182005322,0,969.239945037898,0,0
PAYMENT,4688.600952029937,17645.99865936281,0,349.97736137433503,0,0
TRANSFER,1158.587094297038,12772.171143058762,0,685.180983158338,0,0
TRANSFER,20644.410906788824,2726.042100326745,0,290.5798155989305,0,1
TRANSFER,383.1247488821965,14205.669348312511,0,985.3110327370722,0,0
TRANSFER,15746.298143370817,8044.264366697343,0,338.84866826937514,0,1
CASH_OUT,15622.917981300627,5584.799153348107,0,997.0271684676791,0,1
PAYMENT,1181.9328859496318,4301.299317583595,0,690.1513053054907,0,0
TRANSFER,740.4808460269775,17845.480089568868,0,504.80618393919025,0,0
TRANSFER,20255.0462196864,5334.713618813761,0,259.19843062946893,0,1
PAYMENT,154.05319570037136,8906.925965415468,0,533.2097364717913,0,0
TRANSFER,20821.482297799725,7128.773445144201,0,270.72536335720946,0,1
PAYMENT,159.39179575507703,5582.827694391288,0,978.2863794190484,0,0
PAYMENT,308.9027255064604,8056.762785352674,0,339.2660229888821,0,0
PAYMENT,4237.349705424118,2863.5690349006472,0,539.4170233196004,0,0
CASH_OUT,17434.779684048674,6865.395831198715,0,829.6173351876396,0,1
PAYMENT,2351.2891651893347,15915.314332904081,0,902.876220046211,0,0
PAYMENT,3327.5915164164735,18913.79168685197,0,827.9951154726953,0,0
TRANSFER,23408.715794259224,1345.837140660925,0,911.5857929218812,0,1
PAYMENT,2527.7153069588107,8340.629287117994,0,505.1119891777837,0,0
TRANSFER,15666.5204056069,5665.672197506837,0,235.15210073533748,0,1
PAYMENT,2272.0381284737296,1908.7855874880038,0,134.2196634137094,0,0
PAYMENT,453.2132463934995,2353.8778275399136,0,110.89762771139871,0,0
PAYMENT,1999.2166342655707,9776.99179674816,0,992.4295679832466,0,0
PAYMENT,3340.7159942450307,4518.71578948189,0,256.6984018006759,0,0
CASH_OUT,23305.3445640484,1618.4154926644098,0,481.8671972963993,0,1
CASH_OUT,24678.600348450305,3659.0029972967823,0,792.3008330543203,0,1
TRANSFER,3370.016950427499,1198.1262885506583,0,329.8721362166975,0,0
TRANSFER,21439.042535411307,5772.719199242425,0,137.75610108847263,0,1
PAYMENT,713.6444951208529,10012.386088218063,0,202.56097124288544,0,0
TRANSFER,3765.5585792047073,16423.625973712613,0,690.8307465983523,0,0
TRANSFER,16108.07962179807,6386.784181159291,0,185.51052909307418,0,1
TRANSFER,2253.084449502816,12645.852067395985,0,948.7682539702369,0,0
TRANSFER,21759.822755863555,5464.430548118979,0,111.44340098820416,0,1
TRANSFER,4098.140000946225,17366.029930905286,0,861.8629048212503,0,0
TRANSFER,3216.746742276143,5200.204057620841,0,980.5575509205363,0,0
TRANSFER,3904.5924878486508,13467.074915940359,0,259.6858925227362,0,0
PAYMENT,1419.7233616799228,11251.568189414596,0,755.1524590576688,0,0
TRANSFER,22259.799099852957,8360.067968712505,0,292.16022967960475,0,1
TRANSFER,1777.6798165643777,8854.912536609969,0,782.3665099688836,0,0
PAYMENT,1557.9874114622207,11735.417864321305,0,719.9967718450816,0,0
PAYMENT,4397.9783634058795,9242.209732840663,0,244.7633565619716,0,0
TRANSFER,1308.7264361559528,14802.772587147092,0,992.6289562144271,0,0
CASH_OUT,23798.164859419387,6918.042815002208,0,379.83603700679873,0,1
TRANSFER,3118.3287062748773,4572.469957692907,0,419.8461118171655,0,0
TRANSFER,2668.379936558195,17112.908031484665,0,855.9675822539643,0,0
TRANSFER,1092.1547448096633,19203.396122268223,0,431.14667617187604,0,0
PAYMENT,4225.6548203338725,9936.062027933927,0,551.8451921396024,0,0
TRANSFER,19486.106309545426,7498.638443824633,0,897.576202418567,0,1
PAYMENT,3348.905822052412,1035.7177869733023,0,260.53532587659686,0,0
CASH_OUT,18554.930104413575,8147.775981493758,0,183.69157584081893,0,1
TRANSFER,2599.5375912442437,14744.69054663344,0,193.72362212825868,0,0
CASH_OUT,20606.60094416171,6431.388999368093,0,708.821143503726,0,1
PAYMENT,212.37077521340595,7120.052080354525,0,672.8415859442387,0,0
CASH_OUT,18342.383186960607,8064.072794003208,0,736.9128412668242,0,1
TRANSFER,2649.453226901405,8095.789326739296,0,210.13908159266015,0,0
PAYMENT,534.1421054301245,5191.627101513014,0,638.402764657365,0,0
PAYMENT,3694.717567207331,6689.426699345847,0,256.1320668393615,0,0
TRANSFER,3949.692928593137,3248.387627544359,0,468.91440072665944,0,0
PAYMENT,3725.9332947594976,19055.94230568124,0,282.642730817412,0,0
TRANSFER,1739.1053148354674,1497.737462109231,0,121.77258750221972,0,0
PAYMENT,3518.5860748483683,18662.721534638,0,804.3237458662041,0,0
TRANSFER,19296.56812738935,8854.572254361417,0,857.7402101126278,0,1
TRANSFER,19351.803992553567,9436.17964794278,0,735.4171068976221,0,1
TRANSFER,3666.9026041714496,10432.761894750694,0,493.1656323536616,0,0
TRANSFER,380.67323028035446,5279.250343101306,0,218.21446733041603,0,0
TRANSFER,3319.0802657089835,19175.6778005857,0,162.06221472077905,0,0
CASH_OUT,15362.876226135022,3481.47867785997,0,348.0511048110509,0,1
TRANSFER,1432.553658030292,15428.56698594131,0,504.765858205486,0,0
TRANSFER,866.270841576895,17208.70284466936,0,141.85052779605894,0,0
PAYMENT,782.3023184762163,11115.992963229124,0,469.9860423406359,0,0
PAYMENT,1260.2431156257885,14916.525904923707,0,593.4885253537818,0,0
CASH_OUT,24368.22462033092,1470.320913574214,0,476.91398716674524,0,1
TRANSFER,19944.81131295093,9815.957563435812,0,230.46856514183534,0,1
PAYMENT,2870.1182474008883,9814.717247078388,0,974.8047966683833,0,0
PAYMENT,996.775676750163,1418.6680456525796,0,748.0072356968018,0,0
PAYMENT,4268.018683421576,11663.232977367974,0,571.0518202369299,0,0
CASH_OUT,19039.778763265484,5882.912230558806,0,812.5299896080165,0,1
TRANSFER,500.45419415921344,9707.712189044472,0,536.2266584170422,0,0
CASH_OUT,21641.879145054176,2944.8140786677677,0,187.80625921536978,0,1
PAYMENT,3289.7699890396752,11363.205518731203,0,156.04579529369704,0,0
TRANSFER,1844.2695315947783,19583.174541497043,0,814.5907447312055,0,0
TRANSFER,1367.24209095139,4129.420715213622,0,397.1935583843478,0,0
TRANSFER,187.93382498560996,3398.8218730596554,0,693.666429755268,0,0
CASH_OUT,17387.962113815393,5061.1540976288925,0,986.4906905267876,0,1
PAYMENT,2807.3167124353536,2788.8862923882602,0,409.2968733481927,0,0
CASH_OUT,19978.125080342903,1949.2632996096754,0,691.1020942518646,0,1
TRANSFER,557.6990626789484,9380.37100676489,0,276.0483457400635,0,0
CASH_OUT,17871.379580845754,8135.689771304555,0,619.8340292930418,0,1
PAYMENT,3249.1058225948755,4720.975439151459,0,907.2621373811809,0,0
TRANSFER,3509.905679027132,16071.965658326833,0,385.085509360774,0,0
PAYMENT,4496.213070726632,4208.229926876036,0,556.345993478897,0,0
PAYMENT,1002.7017122663281,17985.804490149538,0,688.8632970924657,0,0
CASH_OUT,22985.932723827515,9709.8028939305,0,871.1865424675847,0,1
TRANSFER,20052.06773576638,9704.139537332534,0,475.98488134758975,0,1
PAYMENT,3653.4091853342147,7137.212769338063,0,997.3703413734955,0,0
PAYMENT,894.9436883341489,1239.5428795394218,0,603.7801152745443,0,0
PAYMENT,4132.496386485282,4985.306005989945,0,441.12441359718764,0,0
TRANSFER,4305.067560470104,16562.206763371465,0,586.71437948699,0,0
TRANSFER,4941.5212765985925,18124.624204718326,0,686.5011268357833,0,0
TRANSFER,2521.6409915264694,16736.735796307148,0,401.68724263378544,0,0
TRANSFER,16129.432084111735,1784.6152104864805,0,747.1697026184701,0,1
TRANSFER,1804.9129167526164,9556.66859920284,0,773.9437032669758,0,0
TRANSFER,2928.523680766204,15023.313343431826,0,825.5762929034117,0,0
PAYMENT,3207.2964776491103,3399.030089725552,0,708.5598058678906,0,0
TRANSFER,118.703957209301,13951.72016563078,0,250.41881032409913,0,0
PAYMENT,4201.501513690407,6306.245680633798,0,678.5937190528368,0,0
PAYMENT,1156.0963570775261,7847.178578676604,0,161.6548659642816,0,0
PAYMENT,3300.497673603287,18827.79155052117,0,884.0840340367469,0,0
PAYMENT,389.56006138344105,18078.1003754247,0,685.6916928028726,0,0
PAYMENT,2846.1590918041557,3108.7999150561404,0,502.3499894257829,0,0
TRANSFER,1969.8985053492804,3448.1255280048417,0,471.48501633942345,0,0
PAYMENT,2170.4872987285285,1798.4688282567004,0,765.9137086902373,0,0
PAYMENT,724.524401172058,14446.078200281756,0,975.4986906028772,0,0
PAYMENT,4044.0432065230493,1342.1245564086355,0,966.5293213666233,0,0
PAYMENT,3178.366741270079,11120.841848469545,0,671.5801953187469,0,0
TRANSFER,3548.0612895578993,11273.271056253296,0,186.88102317589673,0,0
CASH_OUT,20671.707799193857,3554.4560232116823,0,842.0813272783289,0,1
TRANSFER,17999.191115069847,7688.738788584431,0,143.3285523805181,0,1
TRANSFER,4398.58263784828,7277.752073639703,0,406.3652590146082,0,0
PAYMENT,486.9488947350602,5550.693228281224,0,815.1204508301712,0,0
TRANSFER,17677.76675488334,8102.447619298583,0,616.0144110716961,0,1
TRANSFER,4173.730220489979,12380.591655367,0,203.43969735361014,0,0
TRANSFER,15326.456775456685,8816.963556882598,0,158.21820416361842,0,1
TRANSFER,2635.487123599702,9178.120796098814,0,385.25192901200734,0,0
PAYMENT,773.8664966033754,7475.498296007086,0,248.34220781208583,0,0
TRANSFER,21313.075530919887,6325.274460756929,0,732.3703957769648,0,1
TRANSFER,16316.934384720385,3107.660021339371,0,808.0753016389932,0,1
TRANSFER,4757.602157672397,12412.370264418762,0,769.2345245589038,0,0
PAYMENT,2094.1623572078934,17938.120296846628,0,102.62892935922581,0,0
CASH_OUT,15456.487455023838,2260.2168779798594,0,349.1328770121752,0,1
PAYMENT,2417.5595958679996,12827.87421886516,0,522.7693866916154,0,0
TRANSFER,1114.2636343482914,10814.879940473602,0,104.95521924437874,0,0
CASH_OUT,23333.170714730124,8595.321513505516,0,356.41721937786474,0,1
PAYMENT,2903.038352509574,10740.686793171912,0,364.1399408873095,0,0
PAYMENT,4101.742659708519,6406.683733495053,0,836.3860018734227,0,0
PAYMENT,2586.3184997172634,17610.22796901834,0,544.1919223061068,0,0
PAYMENT,2307.9253930173563,18659.107194989167,0,248.68354540406514,0,0
PAYMENT,2114.0032688011743,18244.609048574544,0,742.6293800201707,0,0
TRANSFER,1553.965441410041,14650.15536655597,0,958.6298148265365,0,0
PAYMENT,3218.3667138986943,1971.5722473999137,0,331.8464983003497,0,0
TRANSFER,23715.977272882308,3310.2480547904124,0,698.7628917802497,0,1
TRANSFER,1908.3598066284912,3299.4750092186678,0,477.0530111687279,0,0
PAYMENT,2080.774675256625,7100.540844653952,0,774.8656879928196,0,0
PAYMENT,3425.4827876955674,7876.479825919434,0,634.2947120876846,0,0
CASH_OUT,16388.713263965168,2041.6384601083482,0,238.88940875477144,0,1
CASH_OUT,16205.584164036902,9122.079765572576,0,159.7994599201974,0,1
TRANSFER,4118.061882684844,14202.765099843224,0,579.2434294934319,0,0
PAYMENT,2928.279444999299,1831.0423738699997,0,210.70296561137107,0,0
PAYMENT,2386.378145016358,16517.740848612346,0,160.64609930697026,0,0
PAYMENT,2206.662279211726,13786.365825494215,0,347.8430568298767,0,0
TRANSFER,2992.3991604704825,5299.303056070405,0,445.8156581236432,0,0
TRANSFER,4591.512655621916,9188.719189752628,0,386.98013648902497,0,0
TRANSFER,1913.2564399038506,1520.9858894804954,0,453.6768028107621,0,0
TRANSFER,917.6149883238888,9180.057430781944,0,228.33472967371787,0,0
PAYMENT,4738.557726568377,7455.60771587124,0,565.5154435428988,0,0
PAYMENT,1768.9604162483292,2362.525888105369,0,468.6660054057088,0,0
TRANSFER,4250.983499499547,11090.621552819613,0,857.5510255702085,0,0
TRANSFER,2324.6079438609627,14077.210479824504,0,226.49767082052472,0,0
TRANSFER,4889.515378152802,11106.341423961005,0,222.21014235754342,0,0
CASH_OUT,15309.557909193436,4491.880839521826,0,244.02244281687464,0,1
TRANSFER,16470.618505665883,5390.6607747316575,0,217.04300426002482,0,1
PAYMENT,4784.002261881064,6965.367630169703,0,899.5633050778131,0,0
TRANSFER,2772.3674939696825,2675.832372007543,0,646.189607419237,0,0
TRANSFER,18855.119047369222,4063.483938290551,0,587.2668466128266,0,1
TRANSFER,20322.57531148976,2515.0326032721723,0,322.21668400082706,0,1
PAYMENT,1581.4329218223193,5927.363049024795,0,275.16145303438475,0,0
CASH_OUT,21773.873215187166,3115.334933234426,0,847.6196594680691,0,1
PAYMENT,2944.2912448691104,3644.7373255682146,0,499.6393742819826,0,0
PAYMENT,1115.814115619034,15865.37825974166,0,761.1201308092719,0,0
TRANSFER,2889.9490697931856,12792.549116667096,0,281.18089704018996,0,0
TRANSFER,4277.533131317612,14506.809616964063,0,916.2485279513505,0,0
TRANSFER,24094.546109372423,7499.289119103153,0,580.0479658888263,0,1
PAYMENT,3754.714189272359,11437.127108660306,0,151.9669466822564,0,0
PAYMENT,4397.743846989126,18936.79978268256,0,233.91637246460408,0,0
TRANSFER,558.99486145896,15337.803210373244,0,542.7379900951562,0,0
TRANSFER,1500.339422076764,4861.238730635658,0,785.6183722399275,0,0
PAYMENT,4601.800081971249,7883.093654873232,0,753.1448168979542,0,0
PAYMENT,2097.162622011703,16722.85952001976,0,788.0750151892458,0,0
PAYMENT,2434.7685805136343,19926.336043149382,0,153.5244119805527,0,0
TRANSFER,23469.688542070602,9037.811846758734,0,156.2118342571643,0,1
PAYMENT,250.87124333619445,19459.127805421183,0,298.67093960750356,0,0
TRANSFER,2436.5329947573036,14066.718806180654,0,750.4362619284057,0,0
TRANSFER,3199.4661388325567,13244.93526529964,0,837.8180244862548,0,0
PAYMENT,1132.4543229492956,19191.512361723828,0,107.97695660212202,0,0
TRANSFER,4973.7783436439895,2706.4309313727063,0,102.08579311433247,0,0
CASH_OUT,23341.44597000676,7664.285187581672,0,228.56525857075474,0,1
PAYMENT,4127.440516105655,16374.48025164159,0,895.9818479517794,0,0
PAYMENT,534.1630984514275,10264.928383677006,0,169.88440120444454,0,0
TRANSFER,220.04239651149652,6816.609476712271,0,594.2173026494554,0,0
PAYMENT,4743.671327225907,2374.0130299008333,0,959.6036865625313,0,0
TRANSFER,3440.56835604179,3145.701211034215,0,857.8669936587213,0,0
CASH_OUT,15502.260114639737,1656.1165183111316,0,462.5859543693734,0,1
CASH_OUT,23634.00766857002,4611.75421797741,0,363.2635819636676,0,1
TRANSFER,24061.11002132497,3893.4613112309376,0,528.7932877094124,0,1
TRANSFER,17192.739619238757,1303.0226039248546,0,293.1652659329226,0,1
PAYMENT,702.3113244803991,17884.522525042576,0,552.7755557018527,0,0
TRANSFER,4125.016759048707,11538.489612666815,0,673.3817533728145,0,0
TRANSFER,3598.36789928229,16628.161093299736,0,823.5626567972682,0,0
PAYMENT,687.7730958170606,18419.042123344367,0,748.5896307548019,0,0
PAYMENT,1492.943055344832,3542.73889699417,0,666.6019272025629,0,0
CASH_OUT,19024.46637433669,1924.7342720718102,0,270.13557225477854,0,1
TRANSFER,1453.2308333224073,14432.553261658608,0,156.42065945967929,0,0
PAYMENT,1767.8166568982372,18868.521608987277,0,174.44391537191814,0,0
PAYMENT,1865.1462021220966,6137.472441305985,0,858.4407119444994,0,0
TRANSFER,4545.279125647049,18916.692519504806,0,480.1460699658753,0,0
TRANSFER,4823.98424080153,2696.5009659858856,0,718.3173398529185,0,0
PAYMENT,4657.837730648281,17040.725345710547,0,708.2629718179028,0,0
TRANSFER,22130.460506343188,6997.468722203858,0,969.4427546158095,0,1
PAYMENT,3412.9303339306143,18935.66380190098,0,342.0712284358474,0,0
PAYMENT,3256.331185231988,1915.5342354726283,0,424.0454193108805,0,0
TRANSFER,4342.51880958954,10043.386889221461,0,199.87977212663327,0,0
PAYMENT,1912.0849543371655,1994.7453835619756,0,790.8108656661265,0,0
PAYMENT,2137.407753368506,14673.422515600078,0,434.04545330716763,0,0
TRANSFER,4412.768015815277,5099.072904352628,0,710.0318802790398,0,0
TRANSFER,2034.1983338396578,18685.338649013305,0,213.1518420930036,0,0
TRANSFER,3259.6797597093378,8507.487244618562,0,741.8861949543559,0,0
CASH_OUT,15853.413364843249,1387.0625668024554,0,700.1799944958295,0,1
TRANSFER,2627.7233232904077,6084.260857831458,0,851.932203167975,0,0
TRANSFER,24110.687027673834,8544.388235911345,0,738.4446703786518,0,1
PAYMENT,2515.0364637924886,8681.505197842513,0,577.8439105708844,0,0
TRANSFER,3651.7968466435836,17675.293373364846,0,137.4911365444142,0,0
PAYMENT,1628.1329037927278,15705.836184902488,0,795.6293336885036,0,0
TRANSFER,4299.934843295783,11931.752661779563,0,168.74645049231037,0,0
PAYMENT,689.0154226908236,6046.0738262135155,0,115.79712702996602,0,0
TRANSFER,22390.26557787959,3009.370469546767,0,677.6739629698199,0,1
TRANSFER,1569.0225850696559,13282.71609112068,0,976.7749994347214,0,0
PAYMENT,2780.119931719802,16765.499285465252,0,645.5319084401318,0,0
TRANSFER,18980.05292954503,3726.2415594987337,0,159.1253730589292,0,1
CASH_OUT,21032.91805714943,5260.607933454213,0,153.7448400738004,0,1
TRANSFER,4793.170024842199,18911.762062788133,0,806.6705888335675,0,0
TRANSFER,3258.4967562374836,11664.577316019651,0,799.235209294503,0,0
CASH_OUT,16958.3308413427,2267.226540034085,0,660.172277409397,0,1
PAYMENT,1453.5628923782501,19651.41315319651,0,574.5386628237309,0,0
PAYMENT,3403.2384481267086,5938.194605613824,0,410.67298764478943,0,0
TRANSFER,3652.407732627857,11237.447171752761,0,154.56603345982137,0,0
TRANSFER,821.7849169669547,1148.9902246664196,0,667.829611206247,0,0
TRANSFER,2136.646714760938,6736.417301472535,0,784.979475421488,0,0
TRANSFER,3430.139630402028,2448.545141497725,0,347.2334335431028,0,0
TRANSFER,2779.612240778118,4425.850773032784,0,512.738149162456,0,0
TRANSFER,2283.154029835265,4974.523842750628,0,144.98112579371087,0,0
TRANSFER,4975.408709692955,11017.42055432434,0,452.672466768171,0,0
PAYMENT,1064.935951821799,19077.166396874814,0,995.3373645693559,0,0
TRANSFER,2660.444611987061,5163.23210992883,0,513.0671314395688,0,0
PAYMENT,458.0996539323734,12824.522027727677,0,983.0600530860651,0,0
TRANSFER,22321.226068429558,4195.369508067624,0,728.4800415048155,0,1
TRANSFER,4888.808749158368,15388.893935554339,0,245.5042926132657,0,0
TRANSFER,1618.9996921417676,5408.756749121014,0,512.4111853535505,0,0
TRANSFER,2868.9180310185056,15660.911308593546,0,549.0060980823478,0,0
CASH_OUT,22844.208580034177,4392.869877336521,0,596.7912719086489,0,1
PAYMENT,1188.1717663972709,7111.729803531424,0,863.2378806413356,0,0
PAYMENT,1343.7232829678048,5670.341346816907,0,462.4879586160267,0,0
PAYMENT,680.6628556309427,6488.8138392741475,0,458.05296295194125,0,0
PAYMENT,2523.9084289972884,10741.684708439934,0,533.3944062482689,0,0
TRANSFER,3795.8983694004114,18450.102210762765,0,955.8357350522936,0,0
TRANSFER,3147.9938556178695,19856.4034981208,0,447.6908557688193,0,0
TRANSFER,3317.492261168593,5567.579344976632,0,272.43365116134316,0,0
TRANSFER,234.84400718803494,16956.50708076509,0,776.5949557351839,0,0
TRANSFER,16752.217721058274,8800.933190554002,0,354.230869579324,0,1
PAYMENT,3623.8834950283876,11703.168198627887,0,484.75164819530056,0,0
PAYMENT,1484.2307232669762,7707.957440405745,0,904.6848722799257,0,0
TRANSFER,2064.614636117929,15499.058908424857,0,840.8447476379733,0,0
TRANSFER,1102.9325343806913,12231.475761911812,0,267.52230797801315,0,0
PAYMENT,260.76715823018134,13084.806906819398,0,427.9188145854088,0,0
TRANSFER,20069.204379618346,4684.708646353165,0,829.7907229071266,0,1
PAYMENT,3661.0711984241634,15704.218213642638,0,417.34234533597237,0,0
TRANSFER,4391.827109233579,11242.796501984165,0,354.2251837330033,0,0
PAYMENT,2019.93742008915,11387.309890578597,0,578.8195110858267,0,0
TRANSFER,2660.2998873193833,2038.0539800184736,0,975.7703466750995,0,0
CASH_OUT,15100.906066890248,4937.337339473887,0,894.4609426060798,0,1
CASH_OUT,24668.454997992856,3018.6413495654056,0,696.7424726230802,0,1
PAYMENT,3819.437802366041,12582.989221481137,0,906.4367196914972,0,0
TRANSFER,4102.219385877617,4450.66538737545,0,433.8469073419887,0,0
TRANSFER,2088.180726213799,5189.280259093021,0,786.2345960279977,0,0
TRANSFER,3338.9698458118696,2490.660510025355,0,590.0472631934786,0,0
PAYMENT,1418.1962693117214,10834.32972499492,0,341.962068207559,0,0
TRANSFER,1400.098074021788,12429.523706696657,0,366.9039209853376,0,0
PAYMENT,2844.449317472638,15833.905210817118,0,737.6407277435176,0,0
TRANSFER,24329.24862569672,8447.556878858992,0,727.4884437186731,0,1
PAYMENT,4037.2387313311783,3318.5793921151244,0,212.61273142757224,0,0
PAYMENT,1442.950787776736,16334.347173467357,0,275.71654266084283,0,0
TRANSFER,3359.2163517681865,3989.1993200347365,0,206.9869520593648,0,0
TRANSFER,2854.1566925725983,18994.72267506186,0,546.6328775941254,0,0
PAYMENT,2582.695980015454,8357.508152383823,0,915.9149896049465,0,0
TRANSFER,23389.973277180106,1102.7618510866628,0,733.3298016661458,0,1
PAYMENT,577.8201956403975,11620.632047895708,0,550.9790922359773,0,0
PAYMENT,4838.4728487551165,1981.7057115012608,0,554.3160384740753,0,0
TRANSFER,680.6125579651629,19268.75344067861,0,742.9696872639385,0,0
TRANSFER,745.4036400375585,17440.619419269337,0,241.5458873617438,0,0
PAYMENT,1651.093359812563,16511.804914335582,0,551.3639153317604,0,0
CASH_OUT,21248.740996069988,6145.713848293738,0,849.547339109444,0,1
TRANSFER,1312.7993583880186,4093.4859438604117,0,268.2229965476155,0,0
TRANSFER,18067.765995221413,4176.62653107121,0,659.1632041446491,0,1
PAYMENT,4402.124035225691,12504.590565701654,0,322.41839919525273,0,0
TRANSFER,2220.557710036387,14023.433781216128,0,399.21054143384083,0,0
TRANSFER,18814.410414133115,9838.445833143664,0,806.3756406629922,0,1
PAYMENT,1075.0614809012404,8948.343417943322,0,775.8458185269865,0,0
TRANSFER,18252.53905924552,9471.452034176664,0,923.2580034608533,0,1
CASH_OUT,20187.00994380595,2614.282138109894,0,973.6088908687697,0,1
CASH_OUT,20554.9542410586,2708.337726749404,0,623.9649070833308,0,1
TRANSFER,18976.123785528707,3378.4863684277534,0,284.7996448361198,0,1
TRANSFER,3190.4323086780464,11442.519102084376,0,720.800964323309,0,0
TRANSFER,15769.794670649662,1680.2525246866028,0,956.2808987610093,0,1
CASH_OUT,21957.97477655445,5122.199905014329,0,182.88572790961211,0,1
PAYMENT,174.04235265092768,19335.292019634966,0,325.80374112199223,0,0
PAYMENT,3393.074589886042,12087.582379171552,0,573.1805976032214,0,0
CASH_OUT,23660.956336116913,9520.603560310561,0,195.31522396338187,0,1
TRANSFER,17130.85008684808,9451.513863704684,0,106.013916301499,0,1
TRANSFER,3535.584012645621,13922.12582349248,0,467.3365217800283,0,0
CASH_OUT,24362.671394132194,5877.910674007893,0,945.6863601641573,0,1
TRANSFER,23398.016066644268,2696.86545174326,0,705.2144482225259,0,1
PAYMENT,2540.397925978658,15113.674523220008,0,394.340179736636,0,0
PAYMENT,4581.288452857939,9246.398481466418,0,332.84047793989686,0,0
PAYMENT,2248.0864021507305,19928.98344397266,0,306.2547560927459,0,0
PAYMENT,1285.9081919062983,14567.001744184408,0,182.25233769859875,0,0
TRANSFER,15500.185768211122,9203.691639927849,0,126.55364963068534,0,1
TRANSFER,1426.9510073811657,5703.635635317842,0,156.27366616856116,0,0
PAYMENT,1155.1874687745078,12344.819633547675,0,635.3228932100106,0,0
PAYMENT,4208.609985830822,16296.716051417592,0,840.6854245375907,0,0
PAYMENT,3955.170566449924,8551.51498108274,0,562.2499418898922,0,0
TRANSFER,20214.490241668802,1616.1284740022024,0,434.00164458711504,0,1
TRANSFER,4018.62194342782,7338.528991551821,0,878.6740126580299,0,0
PAYMENT,3365.668932881495,15960.353508294324,0,508.9108807608896,0,0
PAYMENT,3225.97588715522,16839.219548735207,0,549.4885928801518,0,0
PAYMENT,4687.775045197741,2216.1205855637972,0,842.2689136123068,0,0
TRANSFER,20988.45400079439,2809.888546984007,0,631.2093932358034,0,1
PAYMENT,2506.3690739775093,18615.10194831012,0,194.8538962970247,0,0
TRANSFER,156.31311916076504,8766.767963353508,0,931.6241833831596,0,0
TRANSFER,15704.919456431446,2670.8203441111873,0,697.7974464900715,0,1
PAYMENT,4149.791641959236,9477.82319857333,0,825.2600793560498,0,0
CASH_OUT,17499.56946397621,5635.050937387508,0,581.9984333917052,0,1
PAYMENT,475.5154517287192,17580.08024838987,0,845.3051461057084,0,0
TRANSFER,24528.15017002506,3940.6828782703674,0,418.9824539137494,0,1
PAYMENT,1235.7395924178152,7053.570292508536,0,913.2025990892773,0,0
TRANSFER,20031.3247255154,2744.767611432034,0,872.9350940513392,0,1
PAYMENT,1789.4289583559703,9775.026144227097,0,473.06445833511304,0,0
TRANSFER,16603.65406119743,7062.808757274169,0,261.32793016535265,0,1
PAYMENT,2497.944599956284,9162.563250514904,0,766.5635340049334,0,0
PAYMENT,3688.7651403860577,10783.73364835193,0,245.22652094984534,0,0
TRANSFER,19142.0092557183,7591.724783314017,0,893.4962340994415,0,1
TRANSFER,16053.454844813332,3001.2517427335324,0,567.3021137021847,0,1
TRANSFER,917.9622470057571,5630.860167962494,0,340.8407189755368,0,0
TRANSFER,4803.327733295931,12709.709232588757,0,601.1905988548863,0,0
TRANSFER,4370.195264745015,13900.591367722796,0,470.6782663757464,0,0
PAYMENT,2550.552485175472,8827.203805647938,0,883.4742696424457,0,0
TRANSFER,4731.059524904443,14235.91815313041,0,546.133375208702,0,0
PAYMENT,799.9256275902261,14149.39929346301,0,285.62690245253737,0,0
PAYMENT,3426.5988528814187,15686.747704806148,0,956.297825853113,0,0
TRANSFER,3984.5147565067828,2311.8722199773947,0,526.8295188792582,0,0
PAYMENT,1187.312257843427,14578.18422326576,0,893.4071094466813,0,0
PAYMENT,2724.717336803135,16886.236360937728,0,839.2495266106248,0,0
PAYMENT,724.1934384016625,6424.666822251719,0,578.4196570974939,0,0
PAYMENT,4289.372695851224,17768.637658674597,0,519.6787805261531,0,0
CASH_OUT,21477.74232950342,1139.5749756393298,0,352.79376866761936,0,1
CASH_OUT,23773.504531328384,4504.6444508098775,0,587.584867840807,0,1
TRANSFER,2773.3673950788243,19652.43950790169,0,505.4307143235358,0,0
TRANSFER,2224.0139405026084,19946.464724156056,0,603.1533564519419,0,0
PAYMENT,443.01720945202226,14855.460115359218,0,647.568042292016,0,0
TRANSFER,2374.768746722202,14732.017292537288,0,691.0565362494472,0,0
PAYMENT,1958.2100321842,16795.986418217428,0,858.0929542749407,0,0
PAYMENT,4042.0237479159296,15683.38189251641,0,593.5772466942065,0,0
CASH_OUT,19260.70977626097,5932.291209978161,0,568.965871457549,0,1
TRANSFER,2638.2395253826617,3666.165845676785,0,704.0417260417198,0,0
PAYMENT,1994.4388459057875,13587.194991890556,0,412.26639376110256,0,0
TRANSFER,4550.319594631582,15415.591102114493,0,637.4397753912717,0,0
TRANSFER,4277.66627919788,11291.281946118437,0,782.4405628504533,0,0
PAYMENT,3610.345848594685,6147.911268010943,0,282.02876247208144,0,0
TRANSFER,3038.87944335544,17368.76043731098,0,881.7756758410831,0,0
PAYMENT,1020.8098659950829,2462.4617182366073,0,726.5405306241327,0,0
TRANSFER,2308.8037910431826,19211.458877687062,0,487.9781763609605,0,0
PAYMENT,1393.903724999222,18842.30110955554,0,672.7368533800369,0,0
PAYMENT,4146.996765848549,9799.179562912717,0,350.6117917362157,0,0
PAYMENT,1396.711631934251,13577.409951083504,0,833.4457556864853,0,0
PAYMENT,4918.19771841049,15947.458473438874,0,796.2963084060992,0,0
PAYMENT,2218.4965093764017,1591.8327630744302,0,333.61880434754426,0,0
TRANSFER,23884.641099229208,8418.942026913423,0,667.035890631984,0,1
TRANSFER,1682.8339941950599,18060.46455219565,0,899.3063700406323,0,0
PAYMENT,2238.456033775006,13668.666285894047,0,184.89468366193927,0,0
PAYMENT,2925.841754403006,2277.862365379989,0,185.42614313950276,0,0
PAYMENT,4674.498308942476,16225.611845602363,0,706.8329578058492,0,0
TRANSFER,17414.96485256868,1363.1574417372974,0,470.07236619512736,0,1
CASH_OUT,23917.10865202746,8642.611049515337,0,465.41062153549956,0,1
CASH_OUT,21543.4200549272,3088.1636227792965,0,112.94330146487653,0,1
TRANSFER,3560.176660383365,6870.1638112949,0,219.38011984085784,0,0
TRANSFER,2860.6372184919364,12867.6669141761,0,877.9899221815277,0,0
PAYMENT,439.70881890004733,13128.122556044706,0,759.703257665518,0,0
PAYMENT,2007.2293112897635,5348.633787186481,0,637.1666891989835,0,0
TRANSFER,1920.2811239312277,12752.014115645527,0,669.7653881495618,0,0
PAYMENT,4907.477748552885,13340.669664441499,0,823.972653709726,0,0
PAYMENT,2569.6184416219976,19034.813170436937,0,849.5487116821681,0,0
TRANSFER,1928.3008302696796,18892.147746502582,0,250.6213290131029,0,0
PAYMENT,3256.8579458889767,19510.705428750367,0,162.82058915316603,0,0
PAYMENT,3216.107601450883,12386.740206649318,0,261.4204092603169,0,0
TRANSFER,2940.6581697764013,9605.310335084605,0,953.8699556347399,0,0
CASH_OUT,22791.025863957868,6487.276826373543,0,729.6756126599096,0,1
TRANSFER,3459.932660374855,18294.047662487377,0,675.1289430234287,0,0
PAYMENT,853.0861099366023,11879.537424758426,0,349.3112718933809,0,0
TRANSFER,3728.7671439715987,2803.260384079578,0,634.6745025127411,0,0
PAYMENT,2174.3422063506678,2606.7421838475193,0,646.1622599861253,0,0
TRANSFER,3484.3308786252323,12338.751979272103,0,551.4181299261536,0,0
TRANSFER,1063.6025662694976,15011.095629642869,0,357.8675940344107,0,0
PAYMENT,1082.7095914418057,5108.313173427814,0,722.0906284478863,0,0
PAYMENT,2378.546635879495,17100.370680856104,0,156.1546617384495,0,0
PAYMENT,2233.4288662611043,8523.270186204492,0,702.3777482456912,0,0
PAYMENT,517.0070819869482,8326.354257753334,0,163.93140013960192,0,0
CASH_OUT,19749.509652637484,1497.0026866872563,0,948.1451086020492,0,1
TRANSFER,16472.75563552091,9757.691181210685,0,783.3632562266263,0,1
TRANSFER,142.66012060646352,3955.8573005167436,0,286.54568116090087,0,0
PAYMENT,1239.2793618183728,3463.9005862604718,0,330.8167549150894,0,0
PAYMENT,1582.1472429228402,19532.092265781997,0,253.10387557835332,0,0
TRANSFER,1778.9612179603555,17428.519515304662,0,239.43278002909838,0,0
CASH_OUT,23293.142341257597,7360.079803099299,0,655.4969252901108,0,1
CASH_OUT,20806.99084554285,5549.578843508775,0,229.6709074118796,0,1
TRANSFER,953.7926680623598,17632.706877314853,0,497.5718424739364,0,0
TRANSFER,4129.667934808236,2082.5958129499973,0,476.74654742649693,0,0
PAYMENT,1800.6056056470354,11397.51288799222,0,992.5955928813245,0,0
TRANSFER,1637.9899339401054,11222.431401914157,0,856.0972705952798,0,0
PAYMENT,4708.05411577366,1300.6402679395956,0,570.4841274056828,0,0
PAYMENT,2513.588446691158,10180.436402959702,0,854.4073789736206,0,0
PAYMENT,4018.617776731726,3341.418938610172,0,728.6775626882234,0,0
TRANSFER,717.409936533572,4731.96510156833,0,956.3003430967827,0,0
TRANSFER,22362.39810133833,5616.0734996692845,0,882.6454742272997,0,1
TRANSFER,2808.0451121060664,8071.291849691046,0,695.5005336662701,0,0
CASH_OUT,23547.034500931975,2487.720575241651,0,868.8347100976022,0,1
TRANSFER,4145.983662647268,6428.443785556917,0,934.4114036780044,0,0
TRANSFER,1918.730628495704,15927.218967053417,0,327.5185996141957,0,0
TRANSFER,526.3843696836648,11578.91330763557,0,860.6087663464313,0,0
TRANSFER,4943.756075177689,1479.5095711170197,0,327.381427559158,0,0
TRANSFER,1323.3778684271279,6001.699583842213,0,100.5880516851696,0,0
TRANSFER,362.2208682739121,8154.075467996668,0,308.8501657310404,0,0
TRANSFER,18512.19387348781,1843.9887363131484,0,537.5174366934316,0,1
PAYMENT,4728.862087638367,12588.889613324982,0,932.0702218587099,0,0
PAYMENT,2393.5383657480215,9859.688845856557,0,784.5180782097541,0,0
CASH_OUT,22604.243116824717,5616.299482972891,0,733.6749441892051,0,1
TRANSFER,2049.5419447853933,16723.50799320689,0,253.63752698123216,0,0
TRANSFER,15454.52500435796,6819.403995537957,0,304.0670659662501,0,1
TRANSFER,2598.2846467972427,10524.237247888857,0,145.21870884068392,0,0
TRANSFER,23529.819953305916,9355.451550726768,0,996.7584643111499,0,1
PAYMENT,2300.289962857617,5512.0925782928925,0,144.6529360049537,0,0
TRANSFER,4583.332738882046,4593.642900436707,0,930.1307362030926,0,0
PAYMENT,4027.084303492473,8449.777961186881,0,775.6926842899502,0,0
TRANSFER,17107.81449354688,6008.1058524291075,0,870.8440624863163,0,1
TRANSFER,1997.8803380790387,2257.138587854369,0,117.23993699612761,0,0
TRANSFER,528.9884537361249,6373.221482739495,0,476.72405697834023,0,0
TRANSFER,24614.92324574112,7010.811160307321,0,939.8845789833756,0,1
TRANSFER,21533.834984786805,2730.789064302647,0,366.08908745123676,0,1
PAYMENT,4435.790076710421,15042.272542848079,0,349.7182117524586,0,0
CASH_OUT,19556.191564372515,7103.024478587879,0,588.7192877800877,0,1
TRANSFER,4951.533345825643,6925.709279510779,0,405.97467741392336,0,0
TRANSFER,23495.342154879014,1800.90743370712,0,992.5264660352066,0,1
TRANSFER,1010.0920528254096,8077.669699515852,0,935.7675059038546,0,0
TRANSFER,17399.893638699574,7391.193765080836,0,345.65499525833906,0,1
PAYMENT,2288.9011835667498,10528.84124665316,0,321.99275422486585,0,0
TRANSFER,4533.355074232578,13302.8128320239,0,345.7365573950261,0,0
CASH_OUT,23174.078473061094,7813.4330322876285,0,150.04496951241455,0,1
CASH_OUT,23649.62605115202,3245.1238386390905,0,745.4085116249742,0,1
TRANSFER,4488.25795584601,18274.33001701813,0,382.4902688635246,0,0
PAYMENT,2256.284427896054,14864.526223451023,0,946.1987250141565,0,0
TRANSFER,4171.650938169835,3277.9307759815297,0,761.4332626554047,0,0
TRANSFER,3442.5504916520113,19048.09369667544,0,223.38051227088084,0,0
PAYMENT,905.5870924865058,3215.0784165582377,0,592.0261138649171,0,0
TRANSFER,1167.752670434866,1288.3607634497112,0,623.2753950238185,0,0
TRANSFER,20666.05258905463,6913.274484106966,0,908.5478199256314,0,1
PAYMENT,4719.029967136489,2571.9467528497444,0,328.5439947313265,0,0
TRANSFER,2926.6011675502314,9815.65226517086,0,206.8381859582003,0,0
PAYMENT,1208.7487290013391,18018.261300788075,0,805.1500727607311,0,0
PAYMENT,3327.7164297624086,11113.545643077634,0,192.93850798754357,0,0
TRANSFER,22481.608263876857,6051.301102674316,0,321.61974487354007,0,1
TRANSFER,1372.3871108570286,19424.749023161563,0,488.1104828124021,0,0
PAYMENT,666.9364590834806,1517.7502270654873,0,571.2278366993075,0,0
TRANSFER,21139.703063252327,3275.723064251001,0,619.8685789099803,0,1
PAYMENT,3751.3795273111105,2452.3573597495056,0,906.2957630733936,0,0
TRANSFER,4048.0011757742677,7235.410173154628,0,288.1534363361614,0,0
TRANSFER,18583.346566716737,9216.03200262918,0,609.1193549269052,0,1
CASH_OUT,23084.05738893691,8412.612496740761,0,446.1499683808914,0,1
PAYMENT,1100.8091186696206,1318.3697853552658,0,711.2792360810524,0,0
TRANSFER,20315.72152686731,1293.931547060463,0,528.0365726398074,0,1
TRANSFER,3305.384756001882,12765.541609018052,0,398.8988049773121,0,0
TRANSFER,435.4072175734822,8935.6729205229,0,204.7226366480463,0,0
PAYMENT,315.79785900347554,14173.367920959427,0,683.4123076438873,0,0
TRANSFER,19032.077561332524,8502.796094276551,0,833.2039042389903,0,1
PAYMENT,4506.375758730979,19282.967485573976,0,499.70372184669907,0,0
TRANSFER,3411.5323330099604,13505.036661653896,0,163.09732567713127,0,0
TRANSFER,2826.0072355596885,1553.948534419691,0,916.5240499207653,0,0
CASH_OUT,16682.036557665182,8913.971941106265,0,601.3364619475317,0,1
CASH_OUT,24686.74605574357,3361.0867010285115,0,381.7451305568322,0,1
PAYMENT,4678.090159420703,18411.990346109258,0,671.8729211757188,0,0
PAYMENT,547.733113816005,6981.690757681327,0,138.74716244410172,0,0
PAYMENT,3684.3326738113815,16664.95883448643,0,231.79263094253452,0,0
TRANSFER,4721.556632510296,5505.744853576513,0,196.85276628387297,0,0
TRANSFER,1330.7294109871664,17040.03418043672,0,535.6185152584637,0,0
PAYMENT,4517.756725906631,5088.885114930663,0,895.9196354101782,0,0
TRANSFER,131.25731269229433,19588.740954080276,0,969.1724888377728,0,0
PAYMENT,1133.342515635862,17286.641484132182,0,838.384138233118,0,0
PAYMENT,2061.040151663393,15882.661676164906,0,339.3356055689069,0,0
PAYMENT,4988.351829031789,4631.5096805290395,0,513.6857376936152,0,0
PAYMENT,4698.795939018339,4442.482301951573,0,660.478062915857,0,0
TRANSFER,19968.95518500049,9252.478433808243,0,798.661429764353,0,1
CASH_OUT,19181.447881627995,7815.546804479506,0,908.1681821630096,0,1
CASH_OUT,18405.44835479897,8244.67357359329,0,147.1521660353751,0,1
CASH_OUT,16630.19113814886,3104.315497837577,0,121.33697828006655,0,1
PAYMENT,1592.5515432935333,6025.800275787927,0,351.90338702178417,0,0
TRANSFER,19196.273828068104,1455.6022504216671,0,135.45265032353745,0,1
TRANSFER,4303.97994548378,14891.989544643428,0,952.0804316563328,0,0
PAYMENT,1601.5208312465206,1764.90205717541,0,629.516998884838,0,0
PAYMENT,130.66160802970413,2175.8283319290294,0,581.831147063486,0,0
TRANSFER,4530.792127897069,8119.717439640152,0,594.8817064985847,0,0
CASH_OUT,19104.957940605545,2470.029832801515,0,299.60378037308675,0,1
TRANSFER,4104.79602984486,18677.569983217185,0,185.82482914570318,0,0
PAYMENT,3169.639396416943,6459.207613669138,0,351.77137099216395,0,0
PAYMENT,351.33986000795636,10358.172233571497,0,497.896331211748,0,0
TRANSFER,3499.6472291403174,11502.48499263808,0,294.625475367876,0,0
TRANSFER,22601.60929790159,2385.099142243963,0,234.32452276732653,0,1
CASH_OUT,19077.15770665225,2130.090207735262,0,254.16546203950332,0,1
TRANSFER,2020.3617584251542,14246.11015062163,0,274.0918086608343,0,0
PAYMENT,1789.606277956232,7408.908128873324,0,380.7207149830347,0,0
TRANSFER,19113.039720662313,3164.7842666213387,0,705.1454589625333,0,1
PAYMENT,2773.3523967811257,3006.23937355616,0,140.7651792517697,0,0
PAYMENT,1866.325075193614,13754.145679353518,0,343.5795477835891,0,0
CASH_OUT,19445.282530501598,5541.57122146926,0,205.55213302040056,0,1
TRANSFER,21594.229620819977,6200.263452259762,0,879.4913908400512,0,1
TRANSFER,22680.054353132095,4909.253483270959,0,501.7977296168939,0,1
TRANSFER,2864.7359017542267,17160.916032287205,0,281.37554020568155,0,0
PAYMENT,1466.796572760036,3454.3144596190973,0,189.5918615278976,0,0
PAYMENT,4110.064081419723,1762.6383226219639,0,900.9220387265763,0,0
PAYMENT,3295.256003220088,15837.467771335718,0,812.3171868005671,0,0
TRANSFER,603.9287015716359,3393.148731207807,0,981.236399590554,0,0
PAYMENT,761.8927165062274,3883.732787170939,0,900.6189564974429,0,0
PAYMENT,3444.409051734836,11931.824289452872,0,486.1561323723993,0,0
TRANSFER,15183.861421515972,5176.600204640542,0,948.7557076662744,0,1
TRANSFER,3760.6835089322417,5155.563889224245,0,153.94897077517746,0,0
CASH_OUT,16220.074135768891,7312.449570037211,0,202.09673539352508,0,1
TRANSFER,2444.7890126056604,18648.331447065746,0,398.77435426226094,0,0
PAYMENT,3151.388183234883,16328.393711993396,0,857.8140953560696,0,0
TRANSFER,2189.3519483279506,11414.75885183242,0,257.1824673066966,0,0
TRANSFER,23055.25913576057,4580.957580013208,0,825.3810107808254,0,1
TRANSFER,2863.2058771025563,10505.292168947446,0,162.45467731376505,0,0
CASH_OUT,16274.856801402462,8201.857129152213,0,876.7081414605043,0,1
CASH_OUT,22147.18833502036,3640.1807929690885,0,572.9232766203038,0,1
TRANSFER,3066.858127577132,6849.841258308738,0,853.7777506684502,0,0
TRANSFER,1549.5380777330265,1021.1297897275607,0,344.75910345837883,0,0
CASH_OUT,18258.234607704846,2149.971875109914,0,498.1298797921769,0,1
CASH_OUT,18235.304124854916,6985.50390105968,0,600.9205856519379,0,1
TRANSFER,4085.828963388894,18560.831217459203,0,514.6028468501402,0,0
PAYMENT,606.8271628163685,8638.517120876575,0,756.0452800946415,0,0
PAYMENT,4466.880358011652,1259.0464542106079,0,390.45391545397456,0,0
TRANSFER,163.19760196867466,11265.688728468494,0,866.0356618833836,0,0
PAYMENT,4504.060659713004,11509.12745010906,0,831.0323088913077,0,0
TRANSFER,3074.962876329527,8385.800609654387,0,316.2692111053301,0,0
CASH_OUT,16380.154870200517,1729.347494185511,0,846.7505796894619,0,1
PAYMENT,2706.171655874581,17598.752046007092,0,996.012010441619,0,0
PAYMENT,1668.1338511557203,10052.764153548591,0,386.47368522311257,0,0
TRANSFER,3442.739277349984,6989.549258339565,0,219.88893172296582,0,0
PAYMENT,3366.4237159089244,3271.6779572890723,0,615.3785678040261,0,0
TRANSFER,23728.594215656645,5499.630927683096,0,757.2242705766141,0,1
PAYMENT,3401.1384943565668,15582.477781223404,0,376.7768159414107,0,0
PAYMENT,4264.800719465707,4728.668617417147,0,212.9948109086294,0,0
TRANSFER,1483.086105023371,6663.437359971633,0,350.0606468859089,0,0
TRANSFER,379.4318786177349,3004.1851217596777,0,627.0289154853513,0,0
TRANSFER,335.6523210189736,6617.635746160763,0,939.2901304172058,0,0
PAYMENT,3477.6210193031825,5793.926614324055,0,376.99381476383417,0,0
PAYMENT,4887.4552150713625,11350.672312672988,0,222.11948601305136,0,0
PAYMENT,3240.731087683913,9857.450231423583,0,270.9425228118048,0,0
TRANSFER,1752.7838986906831,18889.96020194474,0,576.7425694975309,0,0
TRANSFER,378.7188491104681,15564.019008210917,0,731.8967087024133,0,0
TRANSFER,3177.7857030935015,18682.207050687237,0,708.4945232329167,0,0
TRANSFER,4680.176585892675,5766.702897923305,0,208.4026059969089,0,0
PAYMENT,1793.5624685243674,16499.618688067036,0,520.0552843911554,0,0
CASH_OUT,16619.230066322136,6922.919962508428,0,997.9744501091806,0,1
TRANSFER,4711.136474188048,17580.446371345053,0,506.8779371302294,0,0
TRANSFER,1997.6446159817224,13534.115185679013,0,497.83007883801116,0,0
TRANSFER,2331.3773638549774,8884.248285513928,0,757.4432297340694,0,0
TRANSFER,16514.323143699632,5296.745705323183,0,641.6260605509025,0,1
TRANSFER,4354.02954709987,6649.869094860974,0,246.28418872183707,0,0
TRANSFER,3698.39181481187,4967.787774397209,0,152.70877475608046,0,0
TRANSFER,1881.862258705303,2873.2903745967933,0,204.83006470600338,0,0
CASH_OUT,20402.78893187421,1713.5225616807256,0,609.265504281922,0,1
TRANSFER,943.2215590178695,17696.615746065374,0,602.5170835577023,0,0
PAYMENT,3018.8311383914947,2531.692698222433,0,945.6117301226492,0,0
PAYMENT,2562.205296451967,4814.648520376893,0,383.5093351390584,0,0
TRANSFER,4160.399239979617,15885.921640936087,0,349.3623247420597,0,0
PAYMENT,1683.1885381650527,19767.241242884582,0,393.1163218575579,0,0
TRANSFER,297.39904201219247,8703.033677643944,0,564.6549692779066,0,0
PAYMENT,151.41884158572776,18006.24048817367,0,234.22674334576368,0,0
TRANSFER,208.12412854322514,19667.904172864735,0,177.5189251573123,0,0
PAYMENT,2877.7747016227268,7679.302940944262,0,649.3397457864949,0,0
CASH_OUT,15545.65408282699,6395.150256928449,0,912.1629484996073,0,1
PAYMENT,4537.140305851615,16872.078075400677,0,277.1990845981152,0,0
PAYMENT,2981.202270805179,7708.9548898294,0,819.805028001205,0,0
TRANSFER,4683.352990404875,9856.20956051129,0,500.847873380085,0,0
TRANSFER,24579.458599261376,5870.024423909603,0,644.5805666864845,0,1
TRANSFER,19783.35481670556,1189.1899605359545,0,837.6485977592199,0,1
PAYMENT,3842.0921198165706,10944.626047518157,0,304.0953627876811,0,0
PAYMENT,3164.116802550742,1234.4798751471062,0,228.66478984067695,0,0
PAYMENT,1994.8645795154916,1971.853906787555,0,458.01409683618834,0,0
PAYMENT,4429.467169013933,6141.779899178337,0,274.74658214147405,0,0
PAYMENT,404.002943087116,2351.9578986802853,0,616.4792647093867,0,0
TRANSFER,1089.0249932824147,5903.9746540489,0,202.186578093658,0,0
PAYMENT,315.9227216948688,4520.260156337261,0,587.1430998475103,0,0
PAYMENT,1718.9182209615208,12195.077672609254,0,508.85055711084027,0,0
TRANSFER,932.4466587733806,3411.943861344481,0,210.95540136905217,0,0
PAYMENT,913.7667764342171,2123.010596637436,0,721.6536836019368,0,0
PAYMENT,798.5271196622664,8260.650021818816,0,599.2586229541189,0,0
CASH_OUT,16698.725944044763,1498.7429959801998,0,398.0318402477348,0,1
PAYMENT,2135.670702901239,1456.0958520528884,0,401.8344455957162,0,0
CASH_OUT,15414.280888193878,9710.224638836366,0,594.8777605279583,0,1
PAYMENT,2026.4209345206746,5501.555884037746,0,187.26910386888227,0,0
TRANSFER,17077.834209616914,6289.273164587914,0,201.12803375408708,0,1
TRANSFER,456.40124411547515,6331.415451520404,0,414.94406821364265,0,0
PAYMENT,1692.1216925925423,14058.615689067834,0,965.4542263415491,0,0
TRANSFER,2056.729642976191,8783.784516557862,0,980.3986016739025,0,0
CASH_OUT,16947.73497687226,8294.213954939194,0,345.38558258123624,0,1
PAYMENT,4179.797689298042,16279.145734693799,0,879.7808651857301,0,0
CASH_OUT,23901.38053446914,6870.475998091452,0,513.6801376471636,0,1
TRANSFER,2646.097211434737,19933.999867173763,0,221.69558234156926,0,0
TRANSFER,4971.00010776332,1210.4924992918839,0,757.1561079796089,0,0
TRANSFER,4544.505606033607,19839.122740720344,0,287.48385100766615,0,0
TRANSFER,3681.3101542788177,14313.784904401013,0,630.1180818828204,0,0
TRANSFER,2920.407800336402,4067.6988472205617,0,524.5658537665952,0,0
PAYMENT,1200.5519563669357,2313.9177866515233,0,844.7488674721061,0,0
TRANSFER,22802.126485356333,6075.036289498621,0,335.0461892597742,0,1
PAYMENT,2120.774996292544,4719.356521706868,0,561.8575740538323,0,0
TRANSFER,16331.821256675234,3351.997160968454,0,477.18952562537675,0,1
