step,type,amount_cents,nameOrig,oldbalanceOrg,newbalanceOrig,nameDest,oldbalanceDest,newbalanceDest,isFraud,isFlaggedFraud
164,DEBIT,15158.000000000002,C1576094043,10659.0,10507.42,C1308477441,50706.33,50857.9,0,0
300,DEBIT,226252.0,C841098437,49271.0,47008.48,C1097907228,124780.0,127042.52,0,0
322,DEBIT,109642.0,C362865724,11227.0,10130.58,C533887341,1013259.91,1014356.33,0,0
528,DEBIT,152338.0,C101554713,67585.0,66061.62,C710342888,46850.59,48373.97,0,0
332,DEBIT,337212.0,C1870328268,29620.0,26247.88,C276022566,45711.76,49083.88,0,0
256,DEBIT,22187.0,C612203719,84035.98,83814.1,C407027765,44263.88,44485.76,0,0
19,DEBIT,927092.0,C1375023155,0.0,0.0,C469891300,41319.0,0.0,0,0
400,DEBIT,177665.0,C1791624986,5526.0,3749.35,C561767876,1842770.17,1846299.15,0,0
324,DEBIT,490356.00000000006,C1874622003,103663.0,98759.44,C1981650697,5194356.28,5199259.84,0,0
577,DEBIT,687199.0,C1607226022,100379.0,93507.01,C377335570,305556.48,312428.47,0,0
348,DEBIT,527089.0,C1282774064,69646.83,64375.94,C670450358,513706.86,518977.75,0,0
379,DEBIT,76625.0,C2126924505,268.0,0.0,C263222698,66663.17,67429.42,0,0
13,DEBIT,693110.0,C1784233912,54452.76,47521.65,C1616099333,147885.0,154816.1,0,0
14,DEBIT,392781.0,C919802176,24432.99,20505.18,C470217116,10801266.35,10805194.16,0,0
326,DEBIT,122247.0,C879662882,84303.0,83080.53,C1651219359,9062824.67,9064047.14,0,0
45,DEBIT,183507.0,C1531575169,37672.56,35837.49,C606713412,5528362.23,5555620.35,0,0
191,DEBIT,560988.0,C1984607041,104160.0,98550.12,C418835264,3584177.74,3589787.62,0,0
309,DEBIT,174934.0,C282078585,136.0,0.0,C1289177380,625927.6,627676.94,0,0
278,DEBIT,294375.0,C761585072,36594.0,33650.25,C582571385,68248.0,71191.74,0,0
394,DEBIT,410542.0,C637892494,6502.0,2396.58,C2005501010,1016722.88,1020828.3,0,0
695,DEBIT,94183.0,C1183969670,41815.0,40873.17,C870875220,118489.71,119431.54,0,0
407,DEBIT,265118.0,C1925184774,21827.0,19175.82,C212121745,1370848.06,1373499.24,0,0
21,DEBIT,282540.0,C1771920790,47396.98,44571.58,C1908732023,2289938.45,2292763.85,0,0
190,DEBIT,46348.0,C1926123810,198392.0,197928.52,C453286706,768515.01,768978.49,0,0
278,DEBIT,7037699.000000001,C1979126003,0.0,0.0,C1082643380,2118873.32,2189250.31,0,0
253,DEBIT,20229092.0,C1242217865,10261.0,0.0,C91325274,831857.61,1034148.52,0,0
590,DEBIT,493457.0,C1728406328,632.0,0.0,C1703905236,120528.44,125463.01,0,0
47,DEBIT,28058.999999999996,C1081878147,61296.0,61015.41,C164822865,550567.69,550848.28,0,0
19,DEBIT,681871.0,C1623041598,0.0,0.0,C2040512081,1707438.22,2243272.6,0,0
156,DEBIT,527885.0,C1935057909,635.0,0.0,C562040198,17488087.5,17493366.35,0,0
260,DEBIT,256953.00000000003,C857890681,0.0,0.0,C1042384100,1201204.22,1203773.75,0,0
250,DEBIT,14950645.000000002,C105742459,177281.53,27775.08,C658793837,1514373.68,1663880.13,0,0
393,DEBIT,12791842.0,C1051945200,30743.0,0.0,C1808303962,938509.3,1066427.72,0,0
157,DEBIT,1303518.0,C1769208826,5097.0,0.0,C313769900,1342476.4,1355511.58,0,0
323,DEBIT,1551987.0,C230957459,0.0,0.0,C319230296,1681940.96,1697460.83,0,0
186,DEBIT,153135.0,C1160812733,10294.49,8763.14,C741412283,254797.06,256328.41,0,0
374,DEBIT,108593.0,C624217029,29734.0,28648.07,C881423889,195193.4,196279.33,0,0
238,DEBIT,178033.0,C1634479265,584.0,0.0,C1543548990,1372888.06,1374668.39,0,0
16,DEBIT,302209.0,C973474223,6549.0,3526.91,C1990458807,244484.25,841763.67,0,0
15,DEBIT,295647.0,C1612435642,454008.39,451051.92,C1206059543,216855.32,219811.79,0,0
208,DEBIT,656280.0,C783450304,1393.0,0.0,C896861713,3690563.7,3697126.5,0,0
355,DEBIT,162942.0,C2033891260,63477.61,61848.19,C1034533773,995694.82,997324.24,0,0
396,DEBIT,554681.0,C1327189291,151723.0,146176.19,C1875507016,6649345.7,6654892.51,0,0
256,DEBIT,140697.0,C1515768731,31634.0,30227.03,C397769204,636453.94,637860.91,0,0
276,DEBIT,55262.0,C2143163984,0.0,0.0,C1816864081,2077385.93,2077938.55,0,0
404,DEBIT,344762.0,C906937929,0.0,0.0,C533023916,501319.59,504767.21,0,0
169,DEBIT,329921.0,C336372245,199830.0,196530.79,C408297404,25876.37,29175.58,0,0
358,DEBIT,566634.0,C833504899,11067.0,5400.66,C557170230,5547383.9,5553050.24,0,0
134,DEBIT,439755.0,C475711423,0.0,0.0,C1749956489,2863234.77,2867632.32,0,0
278,DEBIT,305625.0,C1743719656,0.0,0.0,C1756248403,3025614.18,3028670.43,0,0
259,DEBIT,475918.0,C20397822,47277.77,42518.59,C919071175,80252.25,85011.43,0,0
346,DEBIT,658902.0,C1892930323,0.0,0.0,C344118886,82616.18,89205.2,0,0
35,DEBIT,46280.0,C1196493509,46086.0,45623.2,C1990717587,1051955.95,1052418.75,0,0
139,DEBIT,62729.0,C1305787030,17036.0,16408.71,C554652016,881913.94,882541.23,0,0
406,DEBIT,9069.0,C413702148,330191.0,330100.31,C955145560,328800.18,328890.87,0,0
139,DEBIT,87241.0,C1348055062,51827.0,50954.59,C1424082571,8356857.6,8173443.48,0,0
241,DEBIT,279728.0,C1936681900,234630.0,231832.72,C1203334235,126859.09,129656.37,0,0
18,DEBIT,24543.0,C697522220,0.0,0.0,C927724927,20142.0,20387.43,0,0
718,DEBIT,262599.0,C420997728,235086.0,232460.01,C459721806,302148.82,304774.81,0,0
33,DEBIT,425797.99999999994,C2076335158,21219.0,16961.02,C926553380,1990329.51,1994587.49,0,0
187,DEBIT,1294373.0,C859400434,464719.98,451776.25,C941956667,37863.29,50807.02,0,0
156,DEBIT,172478.0,C71225051,115653.0,113928.22,C372263813,1480525.86,1787668.16,0,0
163,DEBIT,10649.0,C463778603,42560.25,42453.76,C114403816,1972691.12,1972797.61,0,0
11,DEBIT,235700.0,C1941828714,197.0,0.0,C528706616,141520.0,143877.0,0,0
15,DEBIT,373566.0,C649359324,214701.94,210966.28,C97406924,11295.0,405616.48,0,0
330,DEBIT,12011.0,C1233741780,0.0,0.0,C1993448565,144308.27,144428.37,0,0
374,DEBIT,46307.0,C355093742,101843.0,101379.93,C1130662363,845678.02,846141.09,0,0
8,DEBIT,337954.0,C2018933804,95598.05,92218.52,C587433505,176345.46,202287.16,0,0
380,DEBIT,544653.0,C1445136640,77639.0,72192.47,C1787026609,10196304.74,10201751.27,0,0
372,DEBIT,392507.0,C1528130547,15504.0,11578.93,C178813439,506399.45,510324.52,0,0
186,DEBIT,72344.0,C2130398091,0.0,0.0,C1971253034,6501.91,7225.35,0,0
327,DEBIT,4923982.0,C1791735392,31247.0,0.0,C685043245,24220606.43,24269846.26,0,0
137,DEBIT,347233.0,C1149398264,31187.0,27714.67,C1477895198,642350.7,645823.03,0,0
354,DEBIT,278338.0,C2094948976,85821.0,83037.62,C785403162,781455.75,784239.13,0,0
400,DEBIT,552572.0,C155558361,87523.0,81997.28,C1545677418,45115.14,50640.86,0,0
131,DEBIT,3054285.0,C469823691,31739.0,1196.15,C533621761,277924.52,308467.37,0,0
143,DEBIT,18462.0,C242477649,20516.0,20331.38,C315579706,830332.71,830517.34,0,0
398,DEBIT,240060.0,C653474762,4692.0,2291.4,C1555256061,726674.93,729075.53,0,0
48,DEBIT,602683.0,C638984620,14487.0,8460.17,C1508268976,550686.7,556713.53,0,0
300,DEBIT,592088.0,C1557430789,0.0,0.0,C980526251,231966.93,237887.81,0,0
183,DEBIT,224817.99999999997,C1097610659,9614.0,7365.82,C151581716,542703.31,544951.5,0,0
186,DEBIT,142817.0,C1204215269,869438.0,868009.83,C508718590,5894921.49,5896349.67,0,0
206,DEBIT,296375.0,C1056302795,121191.0,118227.25,C1221019111,1075108.36,1175791.55,0,0
351,DEBIT,104555.0,C2073709578,0.0,0.0,C1515516240,10789.48,11835.02,0,0
239,DEBIT,28414.0,C996868583,25804.0,25519.86,C1041882864,896454.46,896738.6,0,0
301,DEBIT,577554.0,C595609017,0.0,0.0,C140674109,131501.66,137277.2,0,0
322,DEBIT,418275.0,C559638857,61385.0,57202.25,C1542795781,59645.88,63828.63,0,0
24,DEBIT,141530.0,C1270957023,2123.0,707.7,C1747703904,20518.84,21934.14,0,0
349,DEBIT,361425.0,C699389303,0.0,0.0,C2107526837,1836864.78,1840479.04,0,0
24,DEBIT,953429.9999999999,C1917066907,1988.0,0.0,C617963620,9101808.67,9111342.97,0,0
588,DEBIT,306922.0,C750224731,51042.0,47972.78,C750616068,156110.43,159179.65,0,0
168,DEBIT,120035.99999999999,C119891514,562.0,0.0,C1056210683,55100.08,56300.44,0,0
263,DEBIT,272111.0,C19065063,50410.0,47688.89,C770030446,1083303.28,1086024.39,0,0
14,DEBIT,75785.0,C618660450,0.0,0.0,C1885389259,3555494.48,3940261.28,0,0
166,DEBIT,23894.0,C1884823011,0.0,0.0,C595226033,864765.53,865004.47,0,0
384,DEBIT,447855.0,C376277688,52042.0,47563.45,C871959791,1581874.16,1586352.71,0,0
235,DEBIT,481930.0,C558779936,36338.89,31519.59,C2023035531,6272785.97,6277605.27,0,0
17,DEBIT,117592.0,C847908406,24002.0,22826.08,C534284858,3451967.92,3722942.09,0,0
209,DEBIT,732397.0,C1074517633,14847.0,7523.03,C761169369,24792.63,32116.61,0,0
376,DEBIT,74953.0,C1517286885,584639.0,583889.47,C2058412628,58067.78,58817.31,0,0
43,DEBIT,327784.0,C1435810319,106880.0,103602.16,C1334203785,149626.38,152904.23,0,0
355,DEBIT,132386.0,C413443776,11139.0,9815.14,C523001944,342840.06,344163.92,0,0
670,DEBIT,148097.0,C751709456,20164.0,18683.03,C2085938589,125965.21,127446.18,0,0
334,DEBIT,1149255.0,C1038132718,0.0,0.0,C864609718,3276274.02,3287766.57,0,0
312,DEBIT,276154.0,C518788186,21716.0,18954.46,C126994926,2137005.32,2139766.86,0,0
393,DEBIT,836382.0,C604414869,87555.38,79191.56,C271879812,150149.27,158513.09,0,0
396,DEBIT,396285.0,C1732703628,0.0,0.0,C282039616,1403198.05,1407160.9,0,0
139,DEBIT,866804.0000000001,C674092856,72159.0,63490.96,C875290750,1301837.21,1310505.25,0,0
594,DEBIT,120520.0,C236397295,11052.0,9846.8,C584639028,95261.87,96467.07,0,0
355,DEBIT,314012.0,C1765534799,61848.19,58708.07,C935526661,295102.46,298242.58,0,0
41,DEBIT,117233.0,C1638566859,0.0,0.0,C1038273285,259859.87,261032.2,0,0
46,DEBIT,223879.0,C1633803381,49824.0,47585.21,C354289989,1072818.68,1075057.47,0,0
46,DEBIT,6323.0,C1991179166,40377.0,40313.77,C665704469,237592.8,237656.03,0,0
46,DEBIT,214669.99999999997,C751395896,2341.0,194.3,C1298018355,1017830.35,1019977.05,0,0
687,DEBIT,162823.0,C211342783,108813.0,107184.77,C244102283,1598020.9,1599649.13,0,0
349,DEBIT,340162.0,C2050136000,68228.0,64826.38,C453749910,2680863.92,2684265.54,0,0
264,DEBIT,29152.0,C1896745933,291.0,0.0,C2145244494,1105021.93,1105313.46,0,0
353,DEBIT,318711.0,C250265175,23902.0,20714.89,C1645953170,810595.72,813782.83,0,0
351,DEBIT,1611035.0,C1099172514,191225.0,175114.65,C1310612301,121333.9,137444.25,0,0
396,DEBIT,536372.0,C1798869975,404965.04,399601.31,C848182940,111717.65,117081.37,0,0
594,DEBIT,96695.0,C1274036239,103443.0,102476.05,C868625816,159295.05,160262.0,0,0
312,DEBIT,256821.0,C572862253,41584.0,39015.79,C1116223721,1335207.0,1337775.21,0,0
191,DEBIT,451017.0,C496656992,15112.0,10601.83,C1100228166,92248.46,96758.64,0,0
323,DEBIT,161105.0,C696006188,802.0,0.0,C927434235,2232684.83,2159834.58,0,0
155,DEBIT,146062.0,C2127743263,148305.0,146844.38,C528907873,355423.46,286409.64,0,0
229,DEBIT,291085.0,C1076194793,0.0,0.0,C1218779811,260800.09,263710.94,0,0
9,DEBIT,804825.0,C1347817990,18343.0,10294.75,C361931733,458304.75,466353.0,0,0
259,DEBIT,357225.0,C1189515839,190925.65,187353.4,C990301475,197855.57,201427.82,0,0
405,DEBIT,151931.0,C859037313,23657.0,22137.69,C1372159523,804148.21,805667.52,0,0
687,DEBIT,596216.0,C1747665635,2095.0,0.0,C740841663,89022.8,94984.96,0,0
166,DEBIT,496104.0,C601581271,20581.0,15619.96,C1500662333,341445.9,346406.94,0,0
380,DEBIT,2166.0,C1091992490,756.0,734.34,C1719676155,373370.15,373391.8,0,0
354,DEBIT,410168.0,C1758958387,152086.0,147984.32,C1569912824,193555.99,197657.67,0,0
372,DEBIT,266888.0,C1563742763,588.0,0.0,C1219208864,197479.0,200147.88,0,0
283,DEBIT,261283.0,C888982114,7185.02,4572.19,C726864673,53652.14,56264.97,0,0
257,DEBIT,149330.0,C177410546,0.0,0.0,C666850407,114145.1,115638.4,0,0
522,DEBIT,563437.0,C87387084,30857.0,25222.63,C725886600,116630.75,122265.12,0,0
588,DEBIT,335556.0,C1295639322,21741.0,18385.44,C1755950486,61370.29,64725.85,0,0
19,DEBIT,60575.0,C1784210236,50852.0,50246.25,C747013817,3211637.9,3212243.65,0,0
396,DEBIT,992.0,C1425606651,102425.0,102415.08,C2084230986,4510040.27,4510050.18,0,0
299,DEBIT,564623.0,C285150427,105909.0,100262.77,C731029576,542454.48,548100.71,0,0
356,DEBIT,403638.0,C352609299,11149.0,7112.62,C1925750435,115602.03,119638.41,0,0
695,DEBIT,481779.0,C763715717,41962.0,37144.21,C797900402,97084.44,101902.24,0,0
333,DEBIT,597520.0,C1724157767,20013.0,14037.8,C1699967240,996060.73,1002035.93,0,0
325,DEBIT,668592.0,C410548055,11561.0,4875.08,C2131969114,1071948.12,1078634.04,0,0
373,DEBIT,1155521.0,C65834034,0.0,0.0,C449934666,3026963.38,3038518.58,0,0
353,DEBIT,789940.0,C1449773183,21027.0,13127.6,C929986530,127034.84,134934.24,0,0
47,DEBIT,1374300.0,C329223590,639.0,0.0,C2004318274,14873.0,28616.0,0,0
37,DEBIT,245651.00000000003,C1518223024,209496.27,207039.77,C1144149423,743769.76,773696.0,0,0
278,DEBIT,172057.0,C499156353,0.0,0.0,C369194323,162865.61,164586.17,0,0
1,DEBIT,193939.0,C96453207,1029.0,0.0,C1335050193,351593.17,353532.56,0,0
354,DEBIT,1055203.0,C799505622,11645.0,1092.97,C402643246,478231.87,488783.9,0,0
301,DEBIT,360049.0,C1465445530,54991.0,51390.51,C1698865497,92827.6,96428.09,0,0
354,DEBIT,808140.0,C65654708,787.0,0.0,C1367232274,112603.48,120684.88,0,0
41,DEBIT,689326.0,C578396582,0.0,0.0,C1663758721,338374.35,345267.61,0,0
161,DEBIT,2029752.0,C2080743347,594366.0,574068.48,C328462619,1163588.72,1183886.24,0,0
324,DEBIT,939565.0,C1035346358,566.0,0.0,C2030714194,1899860.49,1909256.15,0,0
12,DEBIT,3229932.0,C349803378,404599.29,372299.97,C703242905,184706.87,217006.19,0,0
204,DEBIT,570593.0,C1924212428,364658.61,358952.69,C1334980353,265140.82,123685.77,0,0
131,DEBIT,100281.0,C621295852,180.03,0.0,C1708387046,259080.88,260083.69,0,0
180,DEBIT,351822.0,C175101289,0.0,0.0,C86552575,40140.35,43658.58,0,0
180,DEBIT,287338.0,C1370419277,10205.0,7331.62,C1038184976,1046944.25,1049817.63,0,0
227,DEBIT,626787.0,C651587556,21139.0,14871.13,C1049419359,75451.07,81718.95,0,0
323,DEBIT,222161.0,C739420136,18578.0,16356.39,C1218191177,1048086.96,1050308.58,0,0
379,DEBIT,179970.0,C1959815171,0.0,0.0,C1863717609,227639.34,229439.05,0,0
349,DEBIT,874848.0,C900149249,840148.0,831399.52,C1930925031,56813.31,65561.78,0,0
379,DEBIT,396339.0,C231780301,269458.43,265495.04,C519301630,532081.8,536045.2,0,0
395,DEBIT,23695.0,C2098645587,839.0,602.05,C1634457027,9563556.83,9563793.78,0,0
162,DEBIT,316286.0,C358815037,132163.08,129000.23,C870832195,92609.31,95772.17,0,0
22,DEBIT,431518.99999999994,C1291653680,58274.0,53958.81,C194004986,1313829.8,1318144.99,0,0
377,DEBIT,95203.0,C619869328,82409.0,81456.97,C95206167,93394.24,94346.27,0,0
260,DEBIT,187783.0,C930079203,0.0,0.0,C1095518292,801703.8,803581.63,0,0
436,DEBIT,768664.0,C183620168,36780.0,29093.36,C2080207538,349221.51,356908.15,0,0
350,DEBIT,1150190.0,C931752617,0.0,0.0,C696879026,288790.52,300292.42,0,0
132,DEBIT,498472.99999999994,C1918009037,0.0,0.0,C586619610,31925.9,36910.63,0,0
262,DEBIT,1239428.0,C742457034,0.0,0.0,C1329949011,15535.17,27929.45,0,0
141,DEBIT,85336.0,C1958226747,5575.0,4721.64,C932583850,16326877.66,16327731.02,0,0
359,DEBIT,1283970.0,C607570357,30886.0,18046.3,C286267725,80670.53,93510.23,0,0
41,DEBIT,124411.99999999999,C165021017,583556.19,582312.07,C1065581392,224846.39,226090.52,0,0
282,DEBIT,310101.0,C1926728811,287095.0,283993.99,C1874458754,1194676.07,1197777.09,0,0
302,DEBIT,437664.99999999994,C286826795,356797.01,352420.35,C1814247678,1609239.55,1613616.21,0,0
162,DEBIT,774032.0,C958032887,111883.0,104142.68,C1482723827,175594.29,183334.61,0,0
687,DEBIT,416279.0,C373674851,17610.0,13447.21,C1220275728,45396.69,49559.48,0,0
300,DEBIT,16519.0,C1991390168,0.0,0.0,C1246421086,88637.0,88802.19,0,0
251,DEBIT,187754.0,C1313086704,11412.0,9534.46,C1586688621,94362.46,96240.0,0,0
45,DEBIT,503281.00000000006,C2049727331,99391.0,94358.19,C533716896,1191679.1,1196711.91,0,0
327,DEBIT,192823.0,C1217362221,0.0,0.0,C760094538,1104339.64,1106267.87,0,0
157,DEBIT,1145252.0,C625213867,115073.0,103620.48,C1442018104,1321298.36,1332750.88,0,0
261,DEBIT,193130.0,C812901373,0.0,0.0,C387416201,105954.46,107885.76,0,0
162,DEBIT,11935.0,C1338945498,0.0,0.0,C1000389324,1815017.99,1815137.34,0,0
168,DEBIT,89678.0,C1531639007,10132.0,9235.22,C1126404645,2553932.76,2554829.53,0,0
239,DEBIT,353788.0,C2133477510,0.0,0.0,C605556470,135593.61,139131.49,0,0
328,DEBIT,207535.0,C2131422259,0.0,0.0,C168070233,166774.42,168849.78,0,0
131,DEBIT,1007478.0000000001,C1020947778,944.0,0.0,C2144701294,1409158.5,1419233.28,0,0
178,DEBIT,570300.0,C901642143,117692.0,111989.0,C222533095,2762409.21,3564511.05,0,0
94,DEBIT,115106.0,C1685328395,11662.0,10510.94,C1976651733,167798.43,168949.49,0,0
19,DEBIT,370231.0,C1229443225,9.0,0.0,C298512902,612692.28,966714.65,0,0
180,DEBIT,307944.0,C136942806,29832.0,26752.56,C1479107288,781337.11,784416.55,0,0
187,DEBIT,375803.0,C509030230,0.0,0.0,C1438882871,125737.65,129495.68,0,0
19,DEBIT,499817.0,C60596596,108.0,0.0,C100699421,145114.03,192037.18,0,0
687,DEBIT,1019858.0,C152809546,145.0,0.0,C1826525999,8928342.59,8938541.17,0,0
236,DEBIT,84414.0,C995132709,45007.0,44162.86,C749335353,495252.56,496096.7,0,0
162,DEBIT,257200.0,C808278625,29893.0,27321.0,C1434651019,72670.18,75242.19,0,0
206,DEBIT,505752.00000000006,C1214552800,336262.59,331205.07,C412316185,1115427.35,1120484.87,0,0
36,DEBIT,602091.0,C912005139,0.0,0.0,C1963947209,1962260.68,1968281.59,0,0
334,DEBIT,645622.0,C1457558041,0.0,0.0,C1185449124,78258.71,84714.93,0,0
211,DEBIT,9794.0,C1172013573,11184.0,11086.06,C617182459,1534390.32,1372090.86,0,0
394,DEBIT,124108.99999999999,C1281677437,7035.0,5793.91,C214906206,4619646.98,4620888.07,0,0
192,DEBIT,344637.0,C283523642,3189.16,0.0,C685996703,194847.94,198294.31,0,0
165,DEBIT,94659.0,C1377644012,90113.0,89166.41,C1639794037,440752.74,441699.33,0,0
550,DEBIT,70608.0,C227047653,11105.0,10398.92,C635795983,88007.86,88713.95,0,0
11,DEBIT,12438910.0,C202429242,0.0,0.0,C1003872245,1572134.67,1966425.73,0,0
19,DEBIT,376049.0,C289049809,303433.0,299672.51,C1490640422,177067.76,0.0,0,0
44,DEBIT,1272692.0,C1291807505,19596.0,6869.08,C60614848,25054.68,37781.61,0,0
33,DEBIT,462562.0,C1628524927,12315.0,7689.38,C1736997874,1594313.62,1598939.24,0,0
525,DEBIT,211619.99999999997,C1940045391,169830.0,167713.8,C1847029426,473351.93,475468.13,0,0
312,DEBIT,125130.0,C1644684544,1450.0,198.7,C1771394896,1392765.73,1394017.04,0,0
47,DEBIT,31045.999999999996,C236773761,24658.0,24347.54,C179343241,154258.51,154568.97,0,0
302,DEBIT,255066.0,C592684681,7267.0,4716.34,C133107796,106084.08,108634.74,0,0
144,DEBIT,968881.0,C1342645309,20081.0,10392.19,C1941488524,190313.62,200002.43,0,0
347,DEBIT,120316.00000000001,C544375104,279.0,0.0,C88889445,20641083.69,20642286.86,0,0
305,DEBIT,813415.0,C147708065,42428.0,34293.85,C46831809,5197455.58,5205589.74,0,0
213,DEBIT,268161.0,C385085047,0.0,0.0,C426757903,46455.81,49137.42,0,0
45,DEBIT,625844.0,C435488699,0.0,0.0,C1932807248,1867337.52,1873595.96,0,0
398,DEBIT,58940.0,C202560149,6389.77,5800.36,C1006387259,6823271.46,6823860.86,0,0
373,DEBIT,404734.0,C647204074,3532.0,0.0,C2004310571,89228.32,93275.66,0,0
43,DEBIT,2930993.0,C790069827,0.0,0.0,C1988152146,3023946.34,3053256.26,0,0
141,DEBIT,36200.0,C1208379378,59747.0,59385.0,C1163828199,44421.77,44783.78,0,0
301,DEBIT,2053396.0,C1353915684,11915.0,0.0,C772285042,1421861.99,1442395.95,0,0
260,DEBIT,719726.0,C160429003,0.0,0.0,C1339813239,480579.07,487776.33,0,0
403,DEBIT,403361.0,C636065832,220.0,0.0,C1681129438,1155787.6,1159821.2,0,0
381,DEBIT,1424291.0,C1878933673,179392.0,165149.09,C1431315223,83509.93,97752.84,0,0
9,DEBIT,397890.0,C1838030708,348475.0,344496.1,C836673222,99446.49,1258018.45,0,0
226,DEBIT,137331.0,C2028526107,770.0,0.0,C176257892,781832.56,783205.88,0,0
275,DEBIT,71400.0,C1983357279,0.0,0.0,C124362300,2181726.85,2182440.85,0,0
325,DEBIT,64533.00000000001,C1030656787,14315.0,13669.67,C411027210,292435.9,293081.23,0,0
17,DEBIT,184813.0,C1685786719,0.0,0.0,C1588567843,332576.68,334424.81,0,0
204,DEBIT,271436.0,C1976496356,232546.52,229832.16,C1877173880,121929.6,124643.96,0,0
168,DEBIT,241537.0,C1149520050,123154.0,120738.63,C2101762472,30313.14,32728.52,0,0
381,DEBIT,48977.0,C826908637,76625.0,76135.23,C316518799,4735.73,5225.5,0,0
347,DEBIT,1318299.0,C549067596,337522.38,324339.39,C470200434,840178.9,853361.9,0,0
393,DEBIT,1572351.0,C1594733801,3792.0,0.0,C394879445,3777402.26,3793125.77,0,0
46,DEBIT,152925.0,C307611756,3182.0,1652.75,C609192087,3387001.36,3388530.61,0,0
278,DEBIT,270472.0,C506102654,11578.0,8873.28,C1966640222,477526.5,480231.22,0,0
41,DEBIT,270897.0,C654478934,0.0,0.0,C844041296,1303376.69,1306085.66,0,0
276,DEBIT,711404.0,C1249526121,0.0,0.0,C1920850794,277802.41,284916.45,0,0
354,DEBIT,718437.0,C2136787820,82061.0,74876.63,C1681078519,75243.68,82428.05,0,0
249,DEBIT,487957.0,C1328024393,80.0,0.0,C1483051726,802544.05,807423.63,0,0
274,DEBIT,359094.0,C819464003,104314.0,100723.06,C1470804826,469594.82,473185.76,0,0
22,DEBIT,451233.0,C503679123,5037.0,524.67,C1970654767,137992.0,142504.34,0,0
207,DEBIT,173352.0,C1885044599,29748.0,28014.48,C463918645,1148285.3,1150018.82,0,0
19,DEBIT,37572.0,C899893677,3596.0,3220.28,C792922108,311292.9,311668.62,0,0
226,DEBIT,372902.0,C9548070,216147.5,212418.48,C1149148184,349431.92,353160.94,0,0
154,DEBIT,197095.0,C2987234,34811.0,32840.05,C1958886296,5523.67,7494.62,0,0
231,DEBIT,471845.0,C1691365032,0.0,0.0,C2126588032,8205941.57,8210660.02,0,0
385,DEBIT,290515.0,C1778024813,51264.0,48358.85,C1976326610,3908049.4,3910954.55,0,0
283,DEBIT,377531.0,C1176022609,9754.6,5979.29,C1715111907,62914.0,0.0,0,0
9,DEBIT,371596.0,C1436977333,208691.58,204975.62,C491496851,14523.0,96490.22,0,0
18,DEBIT,774570.0,C1224876315,0.0,0.0,C691919639,559384.15,641069.67,0,0
140,DEBIT,277505.0,C1884163578,69917.0,67141.95,C2029524719,562042.54,564817.58,0,0
428,DEBIT,496158.0,C1498374531,149696.0,144734.42,C316991600,485683.2,490644.78,0,0
384,DEBIT,97246.0,C1009875041,25702.0,24729.54,C299447128,1106171.0,1107143.47,0,0
564,DEBIT,3547801.0,C686887917,40220.0,4741.99,C533928368,1397191.98,1432670.0,0,0
395,DEBIT,70901.0,C2052433614,42615.61,41906.61,C1940490361,539334.91,540043.92,0,0
324,DEBIT,1292454.0,C1650197839,51579.0,38654.46,C1618144593,38406.16,51330.7,0,0
225,DEBIT,153642.0,C1743233817,106451.0,104914.58,C1633302282,443377.37,444913.78,0,0
355,DEBIT,195225.0,C432828228,724.0,0.0,C160967008,3943924.11,4136638.69,0,0
359,DEBIT,2954150.0,C1655254133,51.0,0.0,C62554712,5649511.93,5679053.43,0,0
33,DEBIT,184364.0,C1388491593,155183.0,153339.36,C1766431813,277131.97,278975.61,0,0
18,DEBIT,143851.0,C80625916,0.0,0.0,C1212544344,184322.39,185760.9,0,0
379,DEBIT,100052.0,C230365862,52788.0,51787.48,C1090440120,298853.65,299854.16,0,0
355,DEBIT,322527.0,C750937249,99375.0,96149.73,C1232504595,28746.88,31972.16,0,0
241,DEBIT,410820.0,C2006924281,60667.0,56558.8,C521016635,664173.03,668281.23,0,0
303,DEBIT,111465.00000000001,C2126848099,495110.0,493995.35,C970472724,230872.84,231987.49,0,0
358,DEBIT,41913.0,C1729291017,102090.0,101670.87,C850108552,105186.27,105605.39,0,0
303,DEBIT,919250.0,C2095996683,14440.0,5247.5,C767442123,587481.34,596673.84,0,0
306,DEBIT,671309.0,C407449766,830.0,0.0,C278020151,582744.88,589457.97,0,0
331,DEBIT,503959.0,C2015563735,20799.0,15759.41,C1900256261,343219.36,348258.95,0,0
120,DEBIT,1785515.0000000002,C219314460,31026.0,13170.85,C1936294535,785698.43,803553.57,0,0
406,DEBIT,377245.0,C1027446893,21464.0,17691.55,C1799091302,1696355.61,1700128.05,0,0
393,DEBIT,8545752.0,C2062859147,30834.0,0.0,C1443939551,939571.44,1025028.95,0,0
227,DEBIT,106735.99999999999,C1120416452,0.0,0.0,C444920847,8249747.18,8250814.54,0,0
372,DEBIT,72590.0,C1251330283,0.0,0.0,C1050750202,1338980.44,1339706.34,0,0
255,DEBIT,492168.99999999994,C984449927,25499.0,20577.31,C597576846,36841.81,41763.5,0,0
180,DEBIT,116344.0,C1054996927,188112.0,186948.56,C1983451943,301726.66,302890.1,0,0
180,DEBIT,108735.99999999999,C716077031,302418.0,301330.64,C1966206631,576227.56,577314.92,0,0
140,DEBIT,238666.0,C1020288600,571252.67,568866.01,C1174972650,667384.39,669771.05,0,0
235,DEBIT,514952.00000000006,C1885139160,157.0,0.0,C1470265305,140468.52,145618.04,0,0
46,DEBIT,99901.0,C2097902808,11002.0,10002.99,C1643675474,1381738.52,1382737.52,0,0
399,DEBIT,189423.0,C457627298,51449.0,49554.77,C1501893645,2556989.94,2558884.17,0,0
302,DEBIT,830651.0,C1455881622,10877.0,2570.49,C1478286604,25452.48,33758.99,0,0
143,DEBIT,190074.0,C1223356209,5080.0,3179.26,C765030737,3479429.65,3481330.39,0,0
407,DEBIT,258530.00000000003,C1990546558,1568.0,0.0,C1745701058,7998.74,10584.04,0,0
286,DEBIT,671263.0,C817289619,0.0,0.0,C1688536829,104095.38,110808.0,0,0
279,DEBIT,114285.99999999999,C1148765534,51989.0,50846.14,C2007601199,9478.97,10621.83,0,0
241,DEBIT,6476.000000000001,C671646087,10042.0,9977.24,C1957122819,250884.97,250949.74,0,0
136,DEBIT,217448.0,C46589073,0.0,0.0,C1618246246,126696.3,128870.79,0,0
307,DEBIT,1525874.0,C187622704,0.0,0.0,C1763307239,289085.42,304344.15,0,0
426,DEBIT,253478.00000000003,C142168548,10234.0,7699.22,C1800418488,1025497.46,1028032.24,0,0
324,DEBIT,168672.0,C947677464,88967.74,87281.01,C1202335935,266271.17,267957.9,0,0
307,DEBIT,239673.99999999997,C223567828,138685.77,136289.04,C338325272,272215.92,274612.66,0,0
332,DEBIT,286489.0,C1985531166,274718.0,271853.11,C5166866,242001.86,244866.75,0,0
266,DEBIT,484491.0,C338180554,10859.0,6014.09,C1170796799,376754.3,381599.21,0,0
153,DEBIT,597286.0,C442170038,273800.0,267827.14,C1364913072,10320162.98,10326135.84,0,0
45,DEBIT,136423.0,C746012734,48887.0,47522.77,C562931209,140920.54,142284.78,0,0
253,DEBIT,12535066.0,C2083599905,27641.0,0.0,C570204836,498868.04,624218.7,0,0
599,DEBIT,137185.0,C1112741702,20936.0,19564.15,C749672494,7922879.69,7924251.54,0,0
42,DEBIT,439272.0,C1071883278,15519.0,11126.28,C374788578,348198.4,352591.12,0,0
93,DEBIT,349615.0,C182856884,19027.0,15530.85,C785879543,842520.78,846016.94,0,0
305,DEBIT,293575.0,C464309955,524.0,0.0,C1334679764,10622432.8,10625368.55,0,0
278,DEBIT,641852.0,C1657401494,80177.0,73758.48,C289118140,73031.78,79450.3,0,0
401,DEBIT,284367.0,C664569730,50312.0,47468.33,C543965166,105512.24,108355.91,0,0
386,DEBIT,281654.0,C123851504,11052.0,8235.46,C1292736433,110232.32,113048.86,0,0
325,DEBIT,656875.0,C821305230,5185.0,0.0,C1396631415,457797.79,464366.54,0,0
253,DEBIT,11570129.0,C1150517327,53016.0,0.0,C1736628933,233455.07,349156.36,0,0
132,DEBIT,2536943.0,C1691260664,20392.0,0.0,C1261158092,1050240.56,1075609.98,0,0
210,DEBIT,144752.0,C958100738,152935.36,151487.84,C611855891,4221509.12,4222956.64,0,0
212,DEBIT,231166.0,C947426135,34906.0,32594.34,C1714270621,2021627.27,2023938.93,0,0
38,DEBIT,179325.0,C2026849846,807012.97,805219.73,C1461174920,271572.33,273365.58,0,0
695,DEBIT,343590.0,C134088989,19841.0,16405.1,C770977547,285811.91,289247.81,0,0
514,DEBIT,280951.0,C1875462914,18728.0,15918.49,C358956291,91406.96,94216.47,0,0
95,DEBIT,394281.0,C277109406,99384.0,95441.19,C18140278,9797.19,13740.01,0,0
204,DEBIT,159229.0,C585141122,0.0,0.0,C2064509764,463451.44,465043.73,0,0
592,DEBIT,63589.0,C1359489415,85817.0,85181.11,C1608109656,205004.9,205640.79,0,0
177,DEBIT,125110.99999999999,C449324602,84306.0,83054.89,C1848280944,378485.32,379736.42,0,0
40,DEBIT,285054.0,C1291334355,0.0,0.0,C1490169156,146208.01,149058.55,0,0
331,DEBIT,70323.0,C1973402158,15051.0,14347.77,C41163670,15610.51,16313.74,0,0
7,DEBIT,28570.999999999996,C1654025375,551.0,265.29,C1200612373,2150.0,2435.71,0,0
688,DEBIT,56084.0,C2202988,70606.0,70045.16,C5919265,1630984.61,1631545.45,0,0
407,DEBIT,199840.0,C1010416204,13891.0,11892.6,C1338360395,456976.35,458974.75,0,0
399,DEBIT,46835.0,C2044731838,199515.0,199046.65,C716249562,4339752.25,4340220.59,0,0
163,DEBIT,339669.0,C2069217444,166.0,0.0,C1318184518,885399.8,579546.76,0,0
327,DEBIT,4264018.0,C1430736744,0.0,0.0,C2001935302,507904.55,550544.74,0,0
439,DEBIT,482916.0,C411628765,14947.0,10117.84,C1782261804,2995886.42,3000715.58,0,0
44,DEBIT,169711.0,C2124624717,498209.02,496511.9,C201849215,219242.56,386384.18,0,0
280,DEBIT,278007.0,C317280784,294.0,0.0,C983284438,188037.8,190817.87,0,0
426,DEBIT,24093.0,C907625809,10297.0,10056.07,C1355971911,51163.96,51404.89,0,0
326,DEBIT,1569315.0,C274539275,0.0,0.0,C851217290,16004.0,31697.15,0,0
177,DEBIT,820550.0,C1889530364,685.0,0.0,C789433213,454040.83,462246.33,0,0
133,DEBIT,61077.0,C1410339196,623194.18,622583.41,C588624480,20903.0,592341.82,0,0
283,DEBIT,910920.9999999999,C921358940,48930.0,39820.79,C154116122,6927790.54,6936899.75,0,0
253,DEBIT,17959266.0,C910250776,32546.0,0.0,C838924005,6597248.01,6776840.67,0,0
186,DEBIT,278176.0,C1744049702,278578.0,275796.24,C1109211034,98784.76,101566.52,0,0
143,DEBIT,101641.0,C484538938,55426.0,54409.59,C972704471,23364.0,0.0,0,0
227,DEBIT,372877.0,C1510743523,198.0,0.0,C1541565227,438721.74,442450.5,0,0
229,DEBIT,560023.0,C358326411,164501.0,158900.77,C1913203410,198043.22,203643.45,0,0
154,DEBIT,438602.00000000006,C1366807326,286.0,0.0,C1611236203,4302416.97,4306803.0,0,0
162,DEBIT,467228.0,C699613117,10662.0,5989.72,C1942066698,1132543.66,1137215.94,0,0
120,DEBIT,1037114.0,C2069885484,9435.0,0.0,C1708235022,108128.83,118499.97,0,0
382,DEBIT,224987.0,C1275546113,0.0,0.0,C787876105,603860.46,606110.33,0,0
399,DEBIT,102331.0,C1625434870,31799.0,30775.69,C1341189153,5813579.58,5814602.89,0,0
180,DEBIT,4228.0,C1452600102,0.0,0.0,C1465729877,967827.96,967870.24,0,0
531,DEBIT,62114.0,C1020676103,107928.0,107306.86,C765670720,62571.72,63192.86,0,0
14,DEBIT,899342.0,C675479867,16918.0,7924.58,C1278332360,53022.28,280674.23,0,0
120,DEBIT,1587839.0,C1428216084,239.0,0.0,C978740207,15016646.75,15932202.25,0,0
21,DEBIT,219050.0,C1719858364,59804.0,57613.5,C1503564348,2266532.53,2268723.04,0,0
19,DEBIT,300813.0,C767387380,2584.0,0.0,C1274556412,60171.89,63180.02,0,0
169,DEBIT,88337.0,C1042200581,20629.0,19745.63,C737813822,706493.45,707376.81,0,0
225,DEBIT,14513.0,C185940692,0.0,0.0,C507748770,11029.57,11174.7,0,0
330,DEBIT,675438.0,C1299343436,26869.0,20114.62,C1195799639,8944.47,15698.84,0,0
280,DEBIT,264428.0,C421070631,188584.36,185940.08,C1259735313,1189022.07,1191666.35,0,0
394,DEBIT,318931.0,C1875746348,0.0,0.0,C23255893,10736.92,13926.24,0,0
378,DEBIT,273477.0,C1263780178,44554.0,41819.23,C655189795,15280.0,18014.77,0,0
336,DEBIT,350682.0,C793324877,21262.0,17755.18,C547991290,9886133.65,9889640.47,0,0
21,DEBIT,756481.0,C1125135578,0.0,0.0,C241059862,178331.13,185895.95,0,0
134,DEBIT,666468.0,C593661113,0.0,0.0,C64978552,620426.42,627091.1,0,0
5,DEBIT,216621.99999999997,C1005063886,206562.0,204395.78,C1937962514,8383.29,10549.51,0,0
258,DEBIT,542946.0,C510153566,51888.0,46458.54,C1872790744,77751.49,83180.95,0,0
47,DEBIT,95086.0,C1188217627,141127.0,140176.14,C1373794241,843509.91,844460.77,0,0
524,DEBIT,147956.0,C1542532139,50843.0,49363.44,C1487927465,101981.45,103461.01,0,0
306,DEBIT,34001.0,C1653626440,45966.0,45625.99,C600024083,660433.33,660773.34,0,0
395,DEBIT,289247.0,C664187399,99132.0,96239.53,C720829019,584535.76,587428.22,0,0
297,DEBIT,477458.0,C890127978,0.0,0.0,C2081138506,1806907.82,1811682.4,0,0
305,DEBIT,624066.0,C1501513624,9012.0,2771.34,C859214682,657981.52,664222.18,0,0
439,DEBIT,40598.0,C948005011,258933.0,258527.02,C1824046063,2069856.66,2070262.64,0,0
500,DEBIT,150186.0,C1402360764,51403.0,49901.14,C736622581,67976.56,69478.42,0,0
555,DEBIT,92956.0,C1232294535,21019.0,20089.44,C1744217350,642855.77,643785.32,0,0
17,DEBIT,355392.0,C210695833,507958.87,504404.95,C1615804266,8335388.88,8542326.64,0,0
15,DEBIT,276247.0,C460725937,0.0,0.0,C1035781898,761654.78,764417.24,0,0
330,DEBIT,166284.0,C1283076112,63654.0,61991.16,C227267125,236538.88,238201.72,0,0
186,DEBIT,424607.0,C850190363,0.0,0.0,C347723079,2143586.8,2147832.87,0,0
16,DEBIT,237679.0,C170166425,12860.0,10483.21,C1643375073,46092.0,48468.79,0,0
350,DEBIT,417064.99999999994,C639792272,10946.0,6775.35,C540594646,782863.19,787033.85,0,0
394,DEBIT,824002.0,C831328645,368.0,0.0,C1743163513,6026056.56,6034296.58,0,0
240,DEBIT,254703.00000000003,C1047587458,17695.0,15147.97,C713779328,2602532.05,2605079.08,0,0
313,DEBIT,268853.0,C1771703361,565851.0,563162.47,C2009961410,1050974.6,1053663.14,0,0
346,DEBIT,67814.0,C540238717,51977.0,51298.86,C257281017,7253195.01,7253873.15,0,0
143,DEBIT,342777.0,C554024720,215137.0,211709.23,C209758465,130781.99,134209.76,0,0
355,DEBIT,17431.0,C762708570,43140.0,42965.69,C1339739988,20587.78,20762.09,0,0
181,DEBIT,1137994.0,C2058090843,194.0,0.0,C1884091240,381241.62,392621.57,0,0
281,DEBIT,449224.0,C260109693,110639.0,106146.76,C1276967969,3222872.43,3227364.67,0,0
135,DEBIT,314048.0,C2076036573,27335.0,24194.52,C59207100,17068.28,20208.76,0,0
33,DEBIT,401998.0,C1958102502,2272.0,0.0,C1926494265,117884.36,121904.34,0,0
129,DEBIT,151630.0,C2126007087,30850.0,29333.7,C1825653987,2877954.87,2879471.17,0,0
17,DEBIT,214823.0,C991503287,6695.0,4546.77,C1717256939,112381.78,114530.01,0,0
162,DEBIT,377129.0,C534150557,0.0,0.0,C99745420,2537681.51,2541452.8,0,0
34,DEBIT,255876.00000000003,C396451955,10268.0,7709.24,C1562408042,256138.48,258697.24,0,0
357,DEBIT,50639.0,C718286337,1081.0,574.61,C454033547,5760249.54,5760755.93,0,0
205,DEBIT,297706.0,C555557548,14449.0,11471.94,C333927357,296704.91,299681.97,0,0
408,DEBIT,242832.00000000003,C1770639762,139.0,0.0,C538150816,107470.3,109898.62,0,0
350,DEBIT,116190.00000000001,C696492140,123961.0,122799.1,C658048459,13066.03,14227.94,0,0
402,DEBIT,115767.0,C1141821980,34790.0,33632.33,C1384652254,343676.53,344834.2,0,0
42,DEBIT,91783.0,C1708622094,9946.0,9028.17,C1958622373,393690.87,394608.7,0,0
153,DEBIT,632369.0,C1457488594,256100.0,249776.31,C1391672940,2612675.58,2618999.26,0,0
39,DEBIT,144069.0,C1259164062,9330.0,7889.31,C881128838,654185.07,511475.24,0,0
405,DEBIT,134299.0,C1762477462,32696.0,31353.01,C376673528,160060.58,161403.56,0,0
492,DEBIT,294337.0,C814286197,11449.0,8505.63,C748818160,1568863.78,1571807.15,0,0
249,DEBIT,246577.0,C102246067,19.0,0.0,C1965616002,1408929.03,1411394.8,0,0
122,DEBIT,136297.0,C611884104,31199.0,29836.03,C149016632,379441.69,380804.67,0,0
239,DEBIT,393831.0,C615925036,0.0,0.0,C1721810302,81948.63,85886.95,0,0
189,DEBIT,206892.99999999997,C2121980103,124300.0,122231.07,C2132223660,6372.27,8441.2,0,0
160,DEBIT,233673.0,C1225314584,60280.0,57943.27,C263880637,77665.41,281676.62,0,0
251,DEBIT,698608.0,C556933881,100396.0,93409.92,C1020382647,2533809.17,2540795.25,0,0
11,DEBIT,184973.0,C371510834,488.0,0.0,C352268826,9966.0,11815.73,0,0
403,DEBIT,95990.0,C696605462,603.0,0.0,C528127218,1296866.24,1297826.13,0,0
230,DEBIT,319303.0,C779128663,45340.0,42146.97,C1829831147,754949.62,758142.65,0,0
331,DEBIT,252539.0,C1684957872,695994.01,693468.62,C1909417692,374996.61,377522.0,0,0
284,DEBIT,1054773.0,C1650006840,0.0,0.0,C521558530,16794.97,27342.7,0,0
283,DEBIT,19726.0,C266130144,5979.29,5782.04,C399515986,3479011.95,3479209.2,0,0
356,DEBIT,433572.0,C1218833182,22393.0,18057.28,C146065651,57719.04,62054.76,0,0
96,DEBIT,5516.0,C1864793138,11322.0,11266.84,C609601604,7728372.78,7728427.93,0,0
285,DEBIT,127090.00000000001,C1193775458,33181.0,31910.1,C635789827,53114.15,54385.05,0,0
355,DEBIT,202152.0,C337244600,21247.0,19225.48,C266514182,6013838.38,6015859.9,0,0
379,DEBIT,342802.0,C562351037,10812.0,7383.98,C1398850243,222586.63,226014.65,0,0
139,DEBIT,239342.99999999997,C332244086,352444.0,350050.57,C1644584210,356819.62,148239.38,0,0
348,DEBIT,17149.0,C1602392257,904.0,732.51,C1074380310,400588.79,400760.27,0,0
408,DEBIT,408189.0,C911337388,169120.0,165038.11,C158467722,378128.84,382210.73,0,0
235,DEBIT,465441.0,C282589041,0.0,0.0,C59667113,45710.2,50364.6,0,0
44,DEBIT,349753.0,C1270285186,74380.0,70882.47,C2141486743,199530.23,205099.79,0,0
236,DEBIT,477112.0,C91665684,34035.0,29263.88,C74631448,247431.16,252202.28,0,0
1,DEBIT,451022.0,C280615803,10256.0,5745.78,C1254526270,10697.0,0.0,0,0
8,DEBIT,273130.0,C1515766618,12481.0,9749.7,C329829198,5102121.72,5636445.89,0,0
130,DEBIT,1731595.0,C504996306,0.0,0.0,C1461968662,268748.0,0.0,0,0
306,DEBIT,982775.0,C2031711545,29178.0,19350.25,C1542986438,229980.84,239808.6,0,0
409,DEBIT,110332.0,C279870903,45922.0,44818.68,C1134067197,238383.02,239486.34,0,0
327,DEBIT,327976.0,C933405306,0.0,0.0,C2145447855,1279683.5,1282963.26,0,0
282,DEBIT,41911.0,C1612233002,11869.0,11449.89,C353124775,3919.69,4338.8,0,0
140,DEBIT,125276.0,C1512789396,20711.0,19458.24,C328192470,1634140.71,1635393.47,0,0
347,DEBIT,250519.99999999997,C351476822,8388.0,5882.8,C1176116265,7356342.16,7358847.36,0,0
179,DEBIT,24475.0,C1876256064,11495.0,11250.25,C373415859,5031057.13,5031301.89,0,0
281,DEBIT,214661.0,C1429322475,46278.0,44131.39,C1031740263,211634.5,213781.11,0,0
217,DEBIT,754888.0,C180259553,21980.0,14431.12,C1635907255,853486.69,861035.57,0,0
282,DEBIT,21046.0,C1395587251,0.0,0.0,C536693278,12075139.46,12075349.91,0,0
95,DEBIT,279097.0,C2066911646,916.0,0.0,C1969496705,23793.13,26584.09,0,0
15,DEBIT,20124.0,C1832128271,128461.0,128259.76,C886038098,2402062.04,2598788.96,0,0
33,DEBIT,914624.0,C1395053037,29892.0,20745.76,C159461032,54957.12,64103.36,0,0
236,DEBIT,43294.0,C776490967,21067.0,20634.06,C1075560569,301717.66,302150.6,0,0
479,DEBIT,262757.0,C573426957,50292.0,47664.43,C1861262653,83381.02,86008.59,0,0
258,DEBIT,234525.0,C1024702601,10792.0,8446.75,C917487300,247636.53,250016.4,0,0
351,DEBIT,187265.0,C940383897,0.0,0.0,C2012714855,763592.41,765465.06,0,0
282,DEBIT,613652.0,C1646307602,11656.0,5519.48,C1482765319,148267.8,154404.31,0,0
131,DEBIT,1064647.0,C1946988676,42690.0,32043.53,C1002867448,337423.89,348070.36,0,0
358,DEBIT,174807.0,C110329604,50534.0,48785.93,C325429429,36643.13,38391.2,0,0
177,DEBIT,130377.0,C1367086091,59922.0,58618.23,C1903467930,165043.68,166347.45,0,0
212,DEBIT,387915.0,C1923081815,30809.0,26929.85,C289845349,25855.01,29734.15,0,0
258,DEBIT,102723.0,C1076313219,7132.0,6104.77,C2137771654,1714465.47,1715492.7,0,0
1,DEBIT,280773.0,C1346197173,1704.0,0.0,C1973538135,15655.05,16896.7,0,0
345,DEBIT,461418.0,C1767798016,8025.55,3411.37,C937343726,203338.48,207952.67,0,0
691,DEBIT,332207.0,C1131743845,3539.0,216.93,C417874081,173557.09,176879.16,0,0
229,DEBIT,105052.0,C27956146,1134.0,83.48,C907723715,95953.69,97004.21,0,0
187,DEBIT,151316.0,C437738879,537.0,0.0,C611982894,193743.44,195256.61,0,0
397,DEBIT,650275.0,C1574322247,4398.0,0.0,C1391077853,1506143.78,1512646.54,0,0
398,DEBIT,290972.0,C1771101235,61568.0,58658.28,C340792141,911496.66,914406.39,0,0
180,DEBIT,35099.0,C675104142,18250.0,17899.01,C1336783404,8349.13,8700.12,0,0
11,DEBIT,4056.0,C652869586,1171.0,1130.44,C1213003500,959647.84,1339531.09,0,0
8,DEBIT,94611.0,C1925572135,55944.04,54997.93,C758888772,956858.04,1522050.54,0,0
589,DEBIT,551626.0,C408246631,174423.0,168906.74,C1784365008,147456.76,152973.02,0,0
257,DEBIT,45343.0,C1143239406,1368.0,914.57,C159714366,1615221.74,1615675.17,0,0
170,DEBIT,40364.0,C1604995789,199358.0,198954.36,C1785210621,11726.78,12130.41,0,0
42,DEBIT,301885.0,C1271481787,5879.0,2860.15,C895114532,172288.82,175307.67,0,0
301,DEBIT,529136.0,C1973192365,0.0,0.0,C1272809894,503589.26,508880.62,0,0
47,DEBIT,1254952.0,C174330635,593949.0,581399.48,C643831389,380703.98,393253.5,0,0
18,DEBIT,341191.0,C2056052652,11869.0,8457.09,C590771061,7777205.96,8446123.83,0,0
23,DEBIT,672462.0,C2099309673,103825.0,97100.38,C1402521876,387431.23,394155.86,0,0
46,DEBIT,59430.99999999999,C2087138913,11077.0,10482.69,C1031935817,155315.22,155909.53,0,0
43,DEBIT,34137.0,C1066655558,1562.0,1220.62,C2125412644,105847.7,106189.07,0,0
130,DEBIT,262770.0,C1633348480,162095.27,159467.57,C2135948178,2470532.8,2473160.5,0,0
351,DEBIT,15878.0,C1961568917,0.0,0.0,C811058053,12682899.56,12683058.34,0,0
213,DEBIT,49802.0,C755577561,85151.0,84652.98,C1515443007,881322.76,881820.78,0,0
285,DEBIT,39821.0,C778889491,360128.0,359729.79,C1697031627,691142.55,691540.76,0,0
35,DEBIT,40479.0,C1480813505,54128.0,53723.21,C9142450,241250.48,241655.27,0,0
347,DEBIT,505409.0,C1350802361,0.0,0.0,C692476961,135010.44,140064.53,0,0
22,DEBIT,240132.00000000003,C1895366877,101817.44,99416.12,C1221437503,263389.15,265790.47,0,0
143,DEBIT,352085.0,C1198960667,9204.0,5683.15,C1212047536,3544.81,7065.65,0,0
323,DEBIT,18682.0,C363820049,638.0,451.18,C1071865585,110165.86,110352.68,0,0
256,DEBIT,685985.0,C97372222,895.0,0.0,C1929137146,257526.12,264385.97,0,0
375,DEBIT,756838.0,C877360502,21888.0,14319.62,C1471551621,5353255.77,5360824.15,0,0
359,DEBIT,155599.0,C59049357,173.0,0.0,C1961770275,56916.34,58472.33,0,0
399,DEBIT,265762.0,C1324149431,545.0,0.0,C850870672,321356.51,324014.13,0,0
550,DEBIT,450785.00000000006,C992747767,20123.0,15615.15,C1180711000,245975.69,250483.55,0,0
254,DEBIT,364418.0,C1620715199,31663.0,28018.82,C1043072504,2618479.55,2622123.72,0,0
718,DEBIT,146010.0,C1534236654,30452.0,28991.9,C1950498261,822143.61,823603.7,0,0
11,DEBIT,117282.0,C243222391,198837.0,197664.18,C67890151,2062.0,0.0,0,0
131,DEBIT,1609977.0,C1169958252,106224.0,90124.23,C221744096,149726.0,165825.77,0,0
404,DEBIT,188083.0,C1341987054,31358.0,29477.17,C1515408240,470722.55,472603.38,0,0
189,DEBIT,58341.99999999999,C793695512,20593.0,20009.58,C1776807316,126103.94,126687.36,0,0
403,DEBIT,197.0,C33514199,5019.0,5017.03,C133176992,1724570.09,1724572.06,0,0
144,DEBIT,264910.0,C1597007318,10221.0,7571.9,C27400195,1914556.67,1917205.77,0,0
233,DEBIT,1144326.0,C700131019,0.0,0.0,C1201831923,917288.47,928731.73,0,0
16,DEBIT,437370.0,C948998511,49881.0,45507.3,C80937584,285017.94,148896.49,0,0
213,DEBIT,274738.0,C1348844940,13754.0,11006.62,C915431115,2252929.73,2255677.1,0,0
186,DEBIT,15888.999999999998,C862925399,10215.0,10056.11,C1501149867,26143.61,26302.49,0,0
356,DEBIT,505235.99999999994,C1926195770,0.0,0.0,C231697818,413972.81,419025.17,0,0
304,DEBIT,428403.0,C1425682073,10705.0,6420.97,C861716844,4314.67,8598.7,0,0
348,DEBIT,2479413.0,C1521164507,602.0,0.0,C1444651354,184376.9,209171.03,0,0
395,DEBIT,378933.0,C1969982863,25310.0,21520.67,C564581192,223780.67,227569.99,0,0
407,DEBIT,278480.0,C983102255,16503.0,13718.2,C1975670958,1870869.44,1873654.24,0,0
305,DEBIT,760564.0,C1711262892,0.0,0.0,C1550510156,113621.14,121226.78,0,0
276,DEBIT,306433.0,C1878581353,0.0,0.0,C1276541408,768451.08,771515.42,0,0
35,DEBIT,6615.000000000001,C289293804,101132.0,101065.85,C1782527262,267585.9,721763.31,0,0
686,DEBIT,313654.0,C1385774149,101323.0,98186.46,C2132953900,854364.12,857500.66,0,0
302,DEBIT,579803.0,C3779812,0.0,0.0,C917328823,27869.25,33667.28,0,0
184,DEBIT,433875.0,C1276094801,55488.0,51149.25,C805260733,10391192.59,10395531.34,0,0
19,DEBIT,533981.0,C31298603,12560.0,7220.19,C886284769,92980.8,98320.62,0,0
25,DEBIT,598034.0,C416784918,468997.0,463016.66,C15173425,744497.19,750477.53,0,0
299,DEBIT,760580.0,C1787634366,0.0,0.0,C1152861061,5446185.46,5453791.26,0,0
10,DEBIT,541937.0,C250208971,84656.0,79236.63,C1982591789,2405865.51,2411284.88,0,0
184,DEBIT,1843513.0,C552952355,20093.0,1657.87,C1590655185,226541.85,244976.98,0,0
331,DEBIT,96198.0,C1782804077,17252.0,16290.02,C911023870,475815.76,476777.74,0,0
346,DEBIT,256950.0,C1428100991,12009.0,9439.5,C113412697,1022781.54,1025351.03,0,0
394,DEBIT,801941.0,C387531850,35101.0,27081.59,C1115432492,903876.48,911895.89,0,0
324,DEBIT,597767.0,C405030512,53249.0,47271.33,C1250916579,124949.0,130926.67,0,0
546,DEBIT,514122.99999999994,C1424740922,165.0,0.0,C428481415,3690639.58,3695780.81,0,0
41,DEBIT,85290.0,C426865597,0.0,0.0,C1189039677,959545.82,960398.72,0,0
33,DEBIT,152123.0,C1830908414,453.0,0.0,C1413508088,16880.22,18401.45,0,0
143,DEBIT,516516.0,C1197691632,27538.0,22372.84,C1791450192,59727.34,64892.5,0,0
139,DEBIT,958524.0,C1747147473,375088.0,365502.76,C9558416,4507599.08,4517184.31,0,0
11,DEBIT,295051.0,C1575957837,51749.0,48798.49,C955646489,49202.0,0.0,0,0
11,DEBIT,206540.0,C541630237,782037.69,779972.29,C1209613575,126767.8,128833.2,0,0
14,DEBIT,142381.0,C1223811600,142402.9,140979.09,C1050374066,1943933.55,2010100.57,0,0
180,DEBIT,2068597.0,C1115776412,0.0,0.0,C1525808561,1362819.25,980469.69,0,0
353,DEBIT,119478.0,C2028537358,6082.0,4887.22,C1103274055,875594.71,876789.49,0,0
13,DEBIT,21541.0,C882935488,0.0,0.0,C33718267,1420128.91,1420344.32,0,0
205,DEBIT,453597.0,C250074017,129177.0,124641.03,C1150052325,26125.33,30661.29,0,0
372,DEBIT,1420944.0,C1146623583,0.0,0.0,C487488474,179605.07,193814.5,0,0
230,DEBIT,166684.0,C1318298868,44686.25,43019.4,C274808038,16106.15,17772.99,0,0
371,DEBIT,25202.0,C339177421,11968.0,11715.98,C1086608977,2556446.54,2556698.56,0,0
348,DEBIT,1032494.0,C1635091293,16102.0,5777.06,C1015330920,72532.16,82857.1,0,0
16,DEBIT,262250.0,C792167140,201722.04,199099.54,C681702959,49519.0,0.0,0,0
310,DEBIT,845242.0,C570257664,204993.27,196540.85,C654971199,2562541.58,2570994.0,0,0
531,DEBIT,61629.99999999999,C373613912,31256.0,30639.7,C1795572566,3790829.29,3791445.59,0,0
332,DEBIT,600904.0,C1368329419,0.0,0.0,C1811940161,228527.61,234536.65,0,0
355,DEBIT,143822.0,C645741285,15676.0,14237.78,C1656232618,174541.77,175979.99,0,0
44,DEBIT,382158.0,C1895432319,20350.0,16528.42,C192371454,7745312.53,7749134.11,0,0
187,DEBIT,462114.99999999994,C841934620,80181.78,75560.63,C817814549,1102888.16,1041227.62,0,0
20,DEBIT,212348.0,C1153203370,421.0,0.0,C1805225013,2679219.37,2681342.86,0,0
183,DEBIT,33704.0,C1587770645,18308.0,17970.96,C1687182693,1137047.57,1137384.61,0,0
262,DEBIT,98020.0,C255614777,105902.0,104921.8,C205091330,225215.05,226195.25,0,0
179,DEBIT,107128.0,C1557087254,11608.0,10536.72,C219866852,205884.53,96950.38,0,0
405,DEBIT,449.0,C1153900712,299091.0,299086.51,C1208816064,57328.46,57332.95,0,0
288,DEBIT,287745.0,C325300192,439.0,0.0,C1487579385,172222.18,175099.63,0,0
396,DEBIT,500639.99999999994,C1815816547,19118.0,14111.6,C742690501,39194.04,44200.43,0,0
184,DEBIT,4413516.0,C1222657931,25303.0,0.0,C1485630456,717794.86,761930.02,0,0
400,DEBIT,140385.0,C796818287,0.0,0.0,C966705553,868317.06,869720.91,0,0
285,DEBIT,462956.00000000006,C446110988,50390.0,45760.44,C1073979510,119252.86,123882.42,0,0
408,DEBIT,131824.0,C291127111,0.0,0.0,C776643315,63827.01,65145.25,0,0
278,DEBIT,619398.0,C570584575,0.0,0.0,C1725267187,8429.39,14623.37,0,0
7,DEBIT,618277.0,C368457540,77709.0,71526.23,C1758590178,206599.0,81591.9,0,0
9,DEBIT,445180.0,C1733236304,36650.0,32198.2,C2135554589,24313.4,13825.43,0,0
208,DEBIT,407831.0,C719290907,40140.0,36061.69,C1433147312,338987.52,343065.83,0,0
163,DEBIT,3816805.0000000005,C1995780925,251007.0,212838.95,C305190226,234812.14,272980.19,0,0
395,DEBIT,295706.0,C1375908777,10813.0,7855.94,C360966517,13449695.8,13452652.86,0,0
21,DEBIT,915112.0000000001,C867793333,10699.0,1547.88,C1770249160,9765.66,18916.78,0,0
408,DEBIT,386252.0,C880226889,244292.0,240429.48,C969365273,56633.72,60496.23,0,0
351,DEBIT,785486.0,C1548766598,19347.0,11492.14,C698378131,117833.85,125688.71,0,0
158,DEBIT,3380660.0,C47899343,0.0,0.0,C1263717737,3246576.47,3353324.38,0,0
17,DEBIT,251713.0,C1999171121,14863.0,12345.87,C1806041279,56549.11,59066.24,0,0
181,DEBIT,760192.0,C1922538622,16267.0,8665.08,C366002319,312430.27,320032.19,0,0
352,DEBIT,103570.0,C893303849,0.0,0.0,C1258547769,10989370.84,10990406.55,0,0
332,DEBIT,326539.0,C789884671,19890.0,16624.61,C793827655,86068.09,89333.48,0,0
385,DEBIT,205373.99999999997,C2086994656,106152.0,104098.26,C484021062,129687.29,131741.03,0,0
355,DEBIT,350069.0,C1939137664,39796.19,36295.5,C2024022936,396430.44,399931.13,0,0
695,DEBIT,280801.0,C567125794,71020.0,68211.99,C505669314,156470.31,159278.32,0,0
286,DEBIT,251586.0,C1942750491,50157.0,47641.14,C480653355,1167544.7,1170060.56,0,0
143,DEBIT,359945.0,C119282861,24217.0,20617.55,C1955795279,190132.73,193732.18,0,0
187,DEBIT,387548.0,C1097648290,47157.0,43281.52,C787885196,3338659.63,3342535.12,0,0
396,DEBIT,203720.0,C348313602,75553.0,73515.8,C1516682608,2451568.03,2453605.23,0,0
300,DEBIT,1031782.0,C265863664,7225.0,0.0,C1993366788,72226.11,82543.93,0,0
49,DEBIT,124213.00000000001,C110994226,42201.0,40958.87,C738257103,111771.4,113013.52,0,0
528,DEBIT,233406.0,C1743815965,514854.0,512519.94,C652014681,2108165.68,2110499.74,0,0
322,DEBIT,236248.0,C1875588552,207.0,0.0,C2044564657,667327.89,669690.37,0,0
181,DEBIT,405349.0,C1884272168,295.0,0.0,C1243613840,335542.9,339596.39,0,0
46,DEBIT,179809.0,C196330453,545741.0,543942.91,C1210058295,163129.56,164927.65,0,0
10,DEBIT,674616.0,C97884761,392092.32,385346.17,C601273889,1442434.83,1501249.72,0,0
240,DEBIT,419883.0,C197967535,62627.0,58428.17,C1551518580,224360.77,228559.6,0,0
321,DEBIT,427457.0,C992492959,0.0,0.0,C830317283,64614.14,68888.71,0,0
138,DEBIT,265203.0,C134359294,106044.0,103391.97,C2065363244,2778802.94,3316339.3,0,0
191,DEBIT,143347.0,C1544827478,19906.0,18472.53,C1918488764,6491385.31,6492818.79,0,0
354,DEBIT,703155.0,C1499385099,22819.07,15787.52,C1275371343,1393755.96,1400787.5,0,0
217,DEBIT,143405.0,C548928938,5657.0,4222.95,C268654225,121031.59,122465.64,0,0
287,DEBIT,567309.0,C292090197,42.0,0.0,C1588388003,1086893.93,1092567.01,0,0
18,DEBIT,349372.0,C1104399736,73190.11,69696.4,C1203709271,566982.19,572990.7,0,0
12,DEBIT,2564939.0,C2012709871,11444.0,0.0,C1870498110,2890687.53,3672194.58,0,0
185,DEBIT,1487433.0,C1821894368,311083.0,296208.67,C1031461644,542157.26,557031.59,0,0
217,DEBIT,239596.99999999997,C216488545,51705.0,49309.03,C1877636028,1766767.28,1769163.25,0,0
304,DEBIT,277993.0,C1376542503,0.0,0.0,C370494848,420262.98,423042.91,0,0
19,DEBIT,463459.0,C1970794007,0.0,0.0,C1313031806,20898.0,25532.59,0,0
11,DEBIT,232398.0,C2744602,582244.0,579920.02,C522205158,441009.32,443333.3,0,0
307,DEBIT,826315.0,C371239268,327510.0,319246.85,C1994167548,219564.49,227827.65,0,0
695,DEBIT,707033.0,C406142949,344.0,0.0,C1039358629,978611.28,985681.61,0,0
232,DEBIT,367094.0,C1552466560,205310.0,201639.06,C898835810,56627.21,60298.16,0,0
250,DEBIT,4793680.0,C609099317,99725.0,51788.2,C1255734667,1555567.28,1603504.08,0,0
333,DEBIT,256694.0,C17662992,18.0,0.0,C1188118455,305243.99,307810.93,0,0
226,DEBIT,19528.0,C384543086,0.0,0.0,C1564634507,855074.76,855270.04,0,0
143,DEBIT,36548.0,C1724331877,80100.0,79734.52,C1122950055,6454354.76,6454720.25,0,0
19,DEBIT,478556.00000000006,C32511911,0.0,0.0,C2009255267,1916258.04,1841760.01,0,0
378,DEBIT,661195.0,C923398951,119557.0,112945.05,C273715591,238750.93,245362.88,0,0
136,DEBIT,319633.0,C15325776,20036.0,16839.67,C1727188034,1836394.02,1839590.35,0,0
383,DEBIT,154837.0,C546934037,603.0,0.0,C851670180,3727628.36,3729176.73,0,0
119,DEBIT,269167.0,C625511368,16708.0,14016.33,C675802390,1459069.57,1461761.23,0,0
16,DEBIT,402176.0,C1262824982,11452.0,7430.24,C446417967,705111.34,713976.23,0,0
140,DEBIT,355340.0,C1958296549,5284.02,1730.62,C308845215,498248.78,554935.15,0,0
